,id,terrestrial_date,sol,ls,month,min_temp,pressure
1,2,16/08/2012,10,155,6,-75,739
2,13,17/08/2012,11,156,6,-76,740
3,24,18/08/2012,12,156,6,-76,741
4,35,19/08/2012,13,157,6,-74,732
5,46,20/08/2012,14,157,6,-74,740
6,57,21/08/2012,15,158,6,-78,740
7,68,22/08/2012,16,158,6,-77,740
8,79,23/08/2012,17,159,6,-76,742
9,112,27/08/2012,21,161,6,-74,741
10,114,28/08/2012,22,162,6,-74,742
11,123,29/08/2012,23,162,6,-75,741
12,134,30/08/2012,24,163,6,-75,742
13,145,31/08/2012,25,163,6,-75,743
14,156,01/09/2012,26,164,6,-76,745
15,163,02/09/2012,27,164,6,-75,743
16,170,03/09/2012,28,165,6,-75,745
17,171,04/09/2012,29,166,6,-75,747
18,172,05/09/2012,30,166,6,-74,747
19,173,06/09/2012,31,167,6,-74,745
20,175,08/09/2012,33,168,6,-73,748
21,176,10/09/2012,34,168,6,-73,748
22,177,11/09/2012,35,169,6,-73,749
23,178,12/09/2012,36,169,6,-73,750
24,179,13/09/2012,37,170,6,-73,750
25,180,14/09/2012,38,171,6,-73,750
26,181,15/09/2012,39,171,6,-75,751
27,182,16/09/2012,40,172,6,-75,753
28,183,17/09/2012,41,172,6,-75,753
29,184,18/09/2012,42,173,6,-75,754
30,185,19/09/2012,43,173,6,-74,756
31,186,20/09/2012,44,174,6,-75,757
32,187,21/09/2012,45,175,6,-74,758
33,188,22/09/2012,46,175,6,-74,758
34,189,23/09/2012,47,176,6,-75,758
35,190,24/09/2012,48,176,6,-75,759
36,191,25/09/2012,49,177,6,-74,761
37,192,26/09/2012,50,177,6,-72,761
38,193,27/09/2012,51,178,6,-76,762
39,194,28/09/2012,52,179,6,-74,762
40,195,29/09/2012,53,179,6,-71,764
41,196,30/09/2012,54,180,7,-72,766
42,197,01/10/2012,55,180,7,-74,766
43,198,02/10/2012,56,181,7,-73,768
44,199,03/10/2012,57,181,7,-73,769
45,200,04/10/2012,58,182,7,-74,769
46,201,05/10/2012,59,183,7,-76,771
47,202,06/10/2012,60,183,7,-75,772
48,203,07/10/2012,61,184,7,-72,772
49,204,08/10/2012,62,184,7,-72,774
50,205,09/10/2012,63,185,7,-73,775
51,206,10/10/2012,64,186,7,-74,776
52,207,11/10/2012,65,186,7,-72,777
53,208,12/10/2012,66,187,7,-73,778
54,209,13/10/2012,67,187,7,-73,780
55,210,14/10/2012,68,188,7,-71,781
56,211,15/10/2012,69,189,7,-73,778
57,212,17/10/2012,70,189,7,-72,783
58,213,18/10/2012,71,190,7,-71,784
59,214,19/10/2012,72,190,7,-73,785
60,215,20/10/2012,73,191,7,-70,788
61,216,21/10/2012,74,192,7,-72,790
62,217,22/10/2012,75,192,7,-73,791
63,218,23/10/2012,76,193,7,-73,792
64,219,24/10/2012,77,193,7,-71,792
65,220,25/10/2012,78,194,7,-71,793
66,221,26/10/2012,79,195,7,-73,795
67,222,27/10/2012,80,195,7,-70,796
68,223,28/10/2012,81,196,7,-72,798
69,224,29/10/2012,82,196,7,-72,799
70,225,30/10/2012,83,197,7,-72,801
71,226,31/10/2012,84,198,7,-70,801
72,227,01/11/2012,85,198,7,-71,805
73,228,02/11/2012,86,199,7,-71,808
74,229,03/11/2012,87,199,7,-70,808
75,230,04/11/2012,88,200,7,-70,811
76,231,05/11/2012,89,201,7,-73,813
77,233,06/11/2012,90,201,7,-71,813
78,234,07/11/2012,91,202,7,-74,817
79,235,08/11/2012,92,202,7,-74,820
80,236,09/11/2012,93,203,7,-72,819
81,237,10/11/2012,94,204,7,-70,822
82,238,11/11/2012,95,204,7,-68,822
83,239,12/11/2012,96,205,7,-71,826
84,240,13/11/2012,97,206,7,-68,828
85,241,14/11/2012,98,206,7,-68,828
86,242,15/11/2012,99,207,7,-68,829
87,3,16/11/2012,100,207,7,-66,829
88,4,17/11/2012,101,208,7,-65,830
89,5,18/11/2012,102,209,7,-67,833
90,6,19/11/2012,103,209,7,-66,836
91,7,20/11/2012,104,210,8,-67,838
92,8,21/11/2012,105,211,8,-66,839
93,9,23/11/2012,106,211,8,-66,841
94,10,24/11/2012,107,212,8,-66,844
95,11,25/11/2012,108,212,8,-65,845
96,12,26/11/2012,109,213,8,-64,844
97,14,27/11/2012,110,214,8,-65,848
98,15,28/11/2012,111,214,8,-66,849
99,16,29/11/2012,112,215,8,-65,852
100,17,30/11/2012,113,216,8,-66,857
101,18,01/12/2012,114,216,8,-69,857
102,19,02/12/2012,115,217,8,-66,857
103,20,03/12/2012,116,217,8,-67,859
104,21,04/12/2012,117,218,8,-66,861
105,22,05/12/2012,118,219,8,-65,864
106,23,06/12/2012,119,219,8,-66,866
107,25,07/12/2012,120,220,8,-67,867
108,26,08/12/2012,121,221,8,-66,869
109,27,09/12/2012,122,221,8,-65,869
110,28,10/12/2012,123,222,8,-66,875
111,29,11/12/2012,124,223,8,-66,876
112,30,12/12/2012,125,223,8,-68,880
113,31,13/12/2012,126,224,8,-66,880
114,32,14/12/2012,127,224,8,-67,884
115,33,15/12/2012,128,225,8,-67,883
116,34,16/12/2012,129,226,8,-65,886
117,36,17/12/2012,130,226,8,-65,888
118,37,18/12/2012,131,227,8,-65,889
119,38,19/12/2012,132,228,8,-65,890
120,39,20/12/2012,133,228,8,-65,891
121,40,21/12/2012,134,229,8,-67,893
122,41,22/12/2012,135,230,8,-65,894
123,42,23/12/2012,136,230,8,-65,897
124,43,24/12/2012,137,231,8,-64,896
125,44,25/12/2012,138,232,8,-65,899
126,45,26/12/2012,139,232,8,-66,899
127,47,27/12/2012,140,233,8,-66,903
128,48,28/12/2012,141,233,8,-64,904
129,49,29/12/2012,142,234,8,-65,906
130,50,31/12/2012,143,235,8,-63,908
131,51,01/01/2013,144,235,8,-64,907
132,52,02/01/2013,145,236,8,-64,909
133,53,03/01/2013,146,237,8,-65,908
134,54,04/01/2013,147,237,8,-65,914
135,55,05/01/2013,148,238,8,-65,912
136,56,06/01/2013,149,239,8,-65,914
137,58,07/01/2013,150,239,8,-64,913
138,59,08/01/2013,151,240,9,-65,915
139,60,09/01/2013,152,241,9,-63,914
140,61,10/01/2013,153,241,9,-65,915
141,62,11/01/2013,154,242,9,-65,917
142,63,12/01/2013,155,243,9,-64,917
143,64,13/01/2013,156,243,9,-65,922
144,65,14/01/2013,157,244,9,-64,920
145,66,15/01/2013,158,245,9,-66,922
146,67,16/01/2013,159,245,9,-65,918
147,69,17/01/2013,160,246,9,-67,919
148,70,18/01/2013,161,246,9,-65,919
149,71,19/01/2013,162,247,9,-65,919
150,72,20/01/2013,163,248,9,-65,919
151,73,21/01/2013,164,248,9,-64,919
152,74,22/01/2013,165,249,9,-65,922
153,75,23/01/2013,166,250,9,-65,922
154,76,24/01/2013,167,250,9,-65,920
155,77,25/01/2013,168,251,9,-66,923
156,78,26/01/2013,169,252,9,-66,922
157,80,27/01/2013,170,252,9,-66,925
158,81,28/01/2013,171,253,9,-67,925
159,82,29/01/2013,172,254,9,-67,923
160,83,30/01/2013,173,254,9,-67,920
161,84,31/01/2013,174,255,9,-67,921
162,85,01/02/2013,175,256,9,-68,921
163,86,02/02/2013,176,256,9,-67,920
164,87,03/02/2013,177,257,9,-66,921
165,88,04/02/2013,178,258,9,-66,920
166,89,06/02/2013,179,258,9,-66,920
167,91,07/02/2013,180,259,9,-67,919
168,92,08/02/2013,181,260,9,-67,918
169,93,09/02/2013,182,260,9,-67,921
170,94,10/02/2013,183,261,9,-67,921
171,95,11/02/2013,184,261,9,-67,923
172,96,12/02/2013,185,262,9,-67,923
173,97,13/02/2013,186,263,9,-66,922
174,98,14/02/2013,187,263,9,-67,921
175,99,15/02/2013,188,264,9,-68,920
176,100,16/02/2013,189,265,9,-68,920
177,102,17/02/2013,190,265,9,-66,917
178,103,18/02/2013,191,266,9,-67,921
179,106,23/02/2013,196,269,9,-66,916
180,107,24/02/2013,197,270,10,-68,915
181,108,25/02/2013,198,271,10,-67,914
182,109,26/02/2013,199,271,10,-66,917
183,116,23/03/2013,223,287,10,-71,895
184,117,24/03/2013,224,287,10,-69,894
185,118,25/03/2013,225,288,10,-71,894
186,119,26/03/2013,226,288,10,-70,894
187,120,27/03/2013,227,289,10,-70,892
188,121,28/03/2013,228,290,10,-71,894
189,122,29/03/2013,229,290,10,-69,894
190,124,30/03/2013,230,291,10,-69,888
191,125,31/03/2013,231,292,10,-71,890
192,126,01/04/2013,232,292,10,-69,888
193,127,02/04/2013,233,293,10,-69,889
194,128,03/04/2013,234,293,10,-69,890
195,129,04/04/2013,235,294,10,-70,886
196,130,05/04/2013,236,295,10,-72,886
197,131,06/04/2013,237,295,10,-71,883
198,132,07/04/2013,238,296,10,-70,885
199,133,08/04/2013,239,297,10,-73,885
200,135,09/04/2013,240,297,10,-70,884
201,136,10/04/2013,241,298,10,-72,884
202,137,11/04/2013,242,298,10,-70,881
203,138,12/04/2013,243,299,10,-71,884
204,139,13/04/2013,244,300,11,-69,878
205,140,14/04/2013,245,300,11,-70,879
206,141,15/04/2013,246,301,11,-73,878
207,142,16/04/2013,247,301,11,-71,873
208,143,17/04/2013,248,302,11,-70,877
209,144,18/04/2013,249,303,11,-69,873
210,146,19/04/2013,250,303,11,-70,877
211,147,20/04/2013,251,304,11,-71,876
212,148,22/04/2013,252,304,11,-71,874
213,149,23/04/2013,253,305,11,-71,877
214,150,24/04/2013,254,306,11,-70,871
215,151,25/04/2013,255,306,11,-69,877
216,152,26/04/2013,256,307,11,-70,871
217,153,27/04/2013,257,308,11,-70,871
218,154,28/04/2013,258,308,11,-71,869
219,155,29/04/2013,259,309,11,-72,871
220,157,30/04/2013,260,309,11,-70,875
221,158,01/05/2013,261,310,11,-70,868
222,161,08/05/2013,268,314,11,-70,864
223,162,09/05/2013,269,315,11,-72,866
224,164,10/05/2013,270,315,11,-67,863
225,165,11/05/2013,271,316,11,-69,864
226,166,12/05/2013,272,316,11,-71,864
227,167,13/05/2013,273,317,11,-70,861
228,168,14/05/2013,274,318,11,-70,861
229,169,15/05/2013,275,318,11,-67,860
230,244,16/05/2013,276,319,11,-69,858
231,245,17/05/2013,277,319,11,-69,857
232,246,18/05/2013,278,320,11,-67,855
233,247,19/05/2013,279,321,11,-68,856
234,248,20/05/2013,280,321,11,-69,856
235,249,21/05/2013,281,322,11,-68,855
236,250,22/05/2013,282,322,11,-72,856
237,251,23/05/2013,283,323,11,-68,854
238,252,24/05/2013,284,323,11,-71,854
239,253,25/05/2013,285,324,11,-70,852
240,254,26/05/2013,286,325,11,-71,854
241,255,27/05/2013,287,325,11,-72,856
242,256,29/05/2013,288,326,11,-69,854
243,257,30/05/2013,289,326,11,-71,854
244,258,31/05/2013,290,327,11,-71,853
245,259,01/06/2013,291,327,11,-70,853
246,260,02/06/2013,292,328,11,-71,853
247,261,03/06/2013,293,329,11,-72,850
248,262,04/06/2013,294,329,11,-72,852
249,263,05/06/2013,295,330,12,-71,853
250,264,06/06/2013,296,330,12,-71,850
251,265,07/06/2013,297,331,12,-72,849
252,266,08/06/2013,298,331,12,-72,850
253,267,09/06/2013,299,332,12,-71,849
254,286,10/06/2013,300,333,12,-72,852
255,276,11/06/2013,301,333,12,-73,852
256,287,12/06/2013,302,334,12,-71,850
257,283,13/06/2013,303,334,12,-71,849
258,281,14/06/2013,304,335,12,-70,848
259,275,15/06/2013,305,335,12,-71,847
260,280,16/06/2013,306,336,12,-71,848
261,279,17/06/2013,307,336,12,-72,851
262,282,18/06/2013,308,337,12,-73,850
263,284,19/06/2013,309,338,12,-72,848
264,278,20/06/2013,310,338,12,-71,849
265,277,21/06/2013,311,339,12,-74,846
266,285,22/06/2013,312,339,12,-71,845
267,274,23/06/2013,313,340,12,-77,849
268,272,24/06/2013,314,340,12,-73,848
269,273,25/06/2013,315,341,12,-74,850
270,288,26/06/2013,316,341,12,-74,851
271,268,27/06/2013,317,342,12,-72,849
272,270,28/06/2013,318,342,12,-74,849
273,271,29/06/2013,319,343,12,-73,847
274,269,30/06/2013,320,344,12,-74,846
275,289,01/07/2013,321,344,12,-75,847
276,291,02/07/2013,322,345,12,-74,849
277,290,03/07/2013,323,345,12,-74,847
278,292,04/07/2013,324,346,12,-75,850
279,294,06/07/2013,325,346,12,-74,847
280,295,07/07/2013,326,347,12,-72,848
281,296,08/07/2013,327,347,12,-74,848
282,293,09/07/2013,328,348,12,-75,847
283,298,10/07/2013,329,348,12,-74,847
284,297,11/07/2013,330,349,12,-75,848
285,303,12/07/2013,331,349,12,-74,848
286,300,13/07/2013,332,350,12,-76,849
287,299,14/07/2013,333,350,12,-75,849
288,301,15/07/2013,334,351,12,-74,852
289,302,16/07/2013,335,352,12,-76,852
290,305,17/07/2013,336,352,12,-76,852
291,304,18/07/2013,337,353,12,-75,853
292,306,19/07/2013,338,353,12,-78,848
293,308,20/07/2013,339,354,12,-76,849
294,307,21/07/2013,340,354,12,-76,851
295,310,22/07/2013,341,355,12,-77,852
296,309,23/07/2013,342,355,12,-76,851
297,311,24/07/2013,343,356,12,-77,850
298,317,25/07/2013,344,356,12,-77,851
299,312,26/07/2013,345,357,12,-77,853
300,314,27/07/2013,346,357,12,-76,853
301,313,28/07/2013,347,358,12,-77,851
302,315,29/07/2013,348,358,12,-74,850
303,316,30/07/2013,349,359,12,-75,852
304,318,31/07/2013,350,359,12,-76,853
305,320,01/08/2013,351,0,1,-75,853
306,319,02/08/2013,352,0,1,-77,854
307,323,03/08/2013,353,1,1,-75,855
308,322,04/08/2013,354,1,1,-75,857
309,321,05/08/2013,355,2,1,-75,857
310,324,06/08/2013,356,2,1,-77,856
311,325,07/08/2013,357,3,1,-76,857
312,326,17/08/2013,366,7,1,-76,861
313,328,18/08/2013,367,8,1,-76,862
314,330,19/08/2013,368,8,1,-77,863
315,331,20/08/2013,369,9,1,-75,865
316,332,21/08/2013,370,9,1,-79,865
317,333,22/08/2013,371,10,1,-77,865
318,334,23/08/2013,372,10,1,-76,866
319,335,24/08/2013,373,11,1,-79,866
320,337,25/08/2013,374,11,1,-79,866
321,336,26/08/2013,375,12,1,-77,867
322,340,27/08/2013,376,12,1,-78,870
323,338,28/08/2013,377,13,1,-78,870
324,339,29/08/2013,378,13,1,-78,869
325,341,30/08/2013,379,14,1,-79,870
326,343,31/08/2013,380,14,1,-79,870
327,345,01/09/2013,381,15,1,-79,871
328,344,02/09/2013,382,15,1,-76,872
329,342,03/09/2013,383,16,1,-77,874
330,346,04/09/2013,384,16,1,-77,875
331,351,05/09/2013,385,17,1,-78,874
332,347,06/09/2013,386,17,1,-77,873
333,349,07/09/2013,387,18,1,-78,874
334,350,08/09/2013,388,18,1,-79,875
335,348,09/09/2013,389,19,1,-79,875
336,352,10/09/2013,390,19,1,-78,875
337,353,11/09/2013,391,20,1,-78,875
338,354,12/09/2013,392,20,1,-77,876
339,355,13/09/2013,393,21,1,-76,877
340,356,14/09/2013,394,21,1,-79,878
341,357,15/09/2013,395,22,1,-77,878
342,358,16/09/2013,396,22,1,-78,879
343,359,18/09/2013,397,23,1,-75,880
344,360,19/09/2013,398,23,1,-79,880
345,361,20/09/2013,399,24,1,-79,881
346,363,21/09/2013,400,24,1,-79,881
347,362,22/09/2013,401,25,1,-79,882
348,365,23/09/2013,402,25,1,-78,883
349,364,24/09/2013,403,25,1,-80,883
350,367,25/09/2013,404,26,1,-78,884
351,366,26/09/2013,405,26,1,-82,885
352,374,27/09/2013,406,27,1,-81,886
353,370,28/09/2013,407,27,1,-81,887
354,369,29/09/2013,408,28,1,-80,887
355,368,30/09/2013,409,28,1,-81,887
356,373,01/10/2013,410,29,1,-81,888
357,372,02/10/2013,411,29,1,-82,887
358,371,03/10/2013,412,30,2,-80,888
359,376,04/10/2013,413,30,2,-82,888
360,375,05/10/2013,414,31,2,-79,889
361,377,06/10/2013,415,31,2,-82,890
362,378,07/10/2013,416,32,2,-79,889
363,379,08/10/2013,417,32,2,-82,890
364,380,09/10/2013,418,33,2,-79,891
365,381,10/10/2013,419,33,2,-82,891
366,385,11/10/2013,420,33,2,-80,892
367,382,12/10/2013,421,34,2,-81,890
368,384,13/10/2013,422,34,2,-82,891
369,383,14/10/2013,423,35,2,-81,892
370,386,15/10/2013,424,35,2,-81,893
371,393,16/10/2013,425,36,2,-81,893
372,388,17/10/2013,426,36,2,-79,893
373,392,18/10/2013,427,37,2,-81,893
374,391,19/10/2013,428,37,2,-81,894
375,387,20/10/2013,429,38,2,-82,895
376,390,21/10/2013,430,38,2,-82,896
377,389,22/10/2013,431,39,2,-83,895
378,395,23/10/2013,432,39,2,-80,896
379,394,24/10/2013,433,40,2,-81,895
380,397,26/10/2013,434,40,2,-80,896
381,396,27/10/2013,435,40,2,-81,896
382,398,28/10/2013,436,41,2,-81,897
383,399,29/10/2013,437,41,2,-82,898
384,400,30/10/2013,438,42,2,-79,899
385,401,31/10/2013,439,42,2,-80,899
386,404,01/11/2013,440,43,2,-80,899
387,402,02/11/2013,441,43,2,-81,900
388,405,03/11/2013,442,44,2,-80,900
389,403,04/11/2013,443,44,2,-81,901
390,407,16/11/2013,455,50,2,-84,905
391,406,17/11/2013,456,50,2,-83,905
392,409,24/11/2013,463,53,2,-86,906
393,410,25/11/2013,464,54,2,-84,906
394,412,26/11/2013,465,54,2,-85,906
395,415,27/11/2013,466,55,2,-85,907
396,411,28/11/2013,467,55,2,-84,907
397,414,29/11/2013,468,55,2,-85,907
398,413,30/11/2013,469,56,2,-85,908
399,475,02/12/2013,470,56,2,-85,907
400,479,03/12/2013,471,57,2,-84,906
401,416,04/12/2013,472,57,2,-84,907
402,417,05/12/2013,473,58,2,-86,907
403,420,06/12/2013,474,58,2,-84,906
404,419,07/12/2013,475,59,2,-85,906
405,418,08/12/2013,476,59,2,-85,906
406,421,09/12/2013,477,60,3,-85,907
407,422,18/12/2013,486,64,3,-84,904
408,473,19/12/2013,487,64,3,-85,904
409,480,20/12/2013,488,64,3,-87,903
410,423,21/12/2013,489,65,3,-85,904
411,434,22/12/2013,490,65,3,-87,903
412,433,23/12/2013,491,66,3,-86,903
413,427,24/12/2013,492,66,3,-86,903
414,426,25/12/2013,493,67,3,-84,902
415,429,26/12/2013,494,67,3,-85,902
416,431,27/12/2013,495,68,3,-86,900
417,428,28/12/2013,496,68,3,-85,901
418,425,29/12/2013,497,69,3,-86,901
419,424,30/12/2013,498,69,3,-86,901
420,432,31/12/2013,499,69,3,-84,899
421,430,01/01/2014,500,70,3,-85,897
422,435,02/01/2014,501,70,3,-86,898
423,437,03/01/2014,502,71,3,-87,898
424,483,04/01/2014,503,71,3,-86,897
425,436,05/01/2014,504,72,3,-85,895
426,438,06/01/2014,505,72,3,-85,895
427,439,08/01/2014,506,73,3,-86,894
428,440,09/01/2014,507,73,3,-85,894
429,442,10/01/2014,508,73,3,-83,893
430,443,11/01/2014,509,74,3,-86,895
431,441,12/01/2014,510,74,3,-85,892
432,446,13/01/2014,511,75,3,-85,892
433,444,14/01/2014,512,75,3,-86,890
434,445,15/01/2014,513,76,3,-86,889
435,447,16/01/2014,514,76,3,-86,888
436,450,17/01/2014,515,77,3,-86,888
437,449,18/01/2014,516,77,3,-86,888
438,448,19/01/2014,517,77,3,-86,885
439,451,20/01/2014,518,78,3,-85,885
440,452,21/01/2014,519,78,3,-86,884
441,453,22/01/2014,520,79,3,-86,884
442,454,23/01/2014,521,79,3,-87,882
443,455,24/01/2014,522,80,3,-85,881
444,458,25/01/2014,523,80,3,-85,881
445,457,26/01/2014,524,81,3,-85,880
446,456,27/01/2014,525,81,3,-87,878
447,459,28/01/2014,526,82,3,-87,878
448,460,29/01/2014,527,82,3,-86,877
449,461,30/01/2014,528,82,3,-86,876
450,462,31/01/2014,529,83,3,-87,875
451,463,01/02/2014,530,83,3,-87,873
452,465,02/02/2014,531,84,3,-87,872
453,464,03/02/2014,532,84,3,-88,872
454,466,04/02/2014,533,85,3,-87,871
455,467,05/02/2014,534,85,3,-86,869
456,468,06/02/2014,535,86,3,-88,868
457,470,07/02/2014,536,86,3,-83,867
458,469,08/02/2014,537,86,3,-83,865
459,472,09/02/2014,538,87,3,-85,865
460,476,10/02/2014,539,87,3,-85,864
461,481,11/02/2014,540,88,3,-84,862
462,482,12/02/2014,541,88,3,-84,861
463,477,13/02/2014,542,89,3,-85,859
464,486,15/02/2014,543,89,3,-84,858
465,487,16/02/2014,544,90,4,-86,857
466,490,17/02/2014,545,90,4,-85,856
467,489,18/02/2014,546,91,4,-85,855
468,488,19/02/2014,547,91,4,-85,853
469,491,20/02/2014,548,91,4,-86,852
470,492,21/02/2014,549,92,4,-87,851
471,494,22/02/2014,550,92,4,-85,850
472,495,23/02/2014,551,93,4,-85,848
473,493,24/02/2014,552,93,4,-86,847
474,496,25/02/2014,553,94,4,-84,845
475,497,26/02/2014,554,94,4,-84,843
476,499,27/02/2014,555,95,4,-85,843
477,501,28/02/2014,556,95,4,-85,842
478,498,01/03/2014,557,96,4,-85,840
479,500,02/03/2014,558,96,4,-85,839
480,502,03/03/2014,559,96,4,-85,838
481,503,04/03/2014,560,97,4,-86,836
482,504,05/03/2014,561,97,4,-85,835
483,506,06/03/2014,562,98,4,-85,834
484,505,07/03/2014,563,98,4,-87,833
485,509,08/03/2014,564,99,4,-86,831
486,508,09/03/2014,565,99,4,-85,830
487,507,10/03/2014,566,100,4,-86,829
488,510,11/03/2014,567,100,4,-86,827
489,511,12/03/2014,568,101,4,-86,825
490,512,13/03/2014,569,101,4,-85,825
491,513,14/03/2014,570,102,4,-84,823
492,515,15/03/2014,571,102,4,-84,821
493,514,16/03/2014,572,102,4,-85,820
494,516,17/03/2014,573,103,4,-84,819
495,517,18/03/2014,574,103,4,-85,817
496,518,19/03/2014,575,104,4,-82,816
497,520,20/03/2014,576,104,4,-84,815
498,519,21/03/2014,577,105,4,-84,813
499,521,22/03/2014,578,105,4,-83,812
500,522,24/03/2014,579,106,4,-82,811
501,523,25/03/2014,580,106,4,-83,810
502,524,26/03/2014,581,107,4,-84,808
503,525,27/03/2014,582,107,4,-84,807
504,526,28/03/2014,583,108,4,-82,806
505,528,29/03/2014,584,108,4,-82,804
506,527,30/03/2014,585,109,4,-83,802
507,529,31/03/2014,586,109,4,-82,802
508,530,01/04/2014,587,109,4,-85,801
509,532,02/04/2014,588,110,4,-84,799
510,531,03/04/2014,589,110,4,-85,798
511,535,04/04/2014,590,111,4,-82,797
512,533,05/04/2014,591,111,4,-82,795
513,534,06/04/2014,592,112,4,-83,795
514,536,07/04/2014,593,112,4,-83,795
515,537,08/04/2014,594,113,4,-83,793
516,538,09/04/2014,595,113,4,-83,792
517,539,10/04/2014,596,114,4,-82,791
518,540,11/04/2014,597,114,4,-84,790
519,542,12/04/2014,598,115,4,-84,787
520,543,13/04/2014,599,115,4,-84,788
521,541,14/04/2014,600,116,4,-81,787
522,544,15/04/2014,601,116,4,-82,785
523,545,16/04/2014,602,117,4,-82,784
524,548,17/04/2014,603,117,4,-83,783
525,546,18/04/2014,604,118,4,-84,782
526,547,19/04/2014,605,118,4,-83,781
527,549,20/04/2014,606,118,4,-84,780
528,550,21/04/2014,607,119,4,-83,779
529,551,22/04/2014,608,119,4,-85,777
530,552,23/04/2014,609,120,5,-84,777
531,554,24/04/2014,610,120,5,-85,776
532,555,25/04/2014,611,121,5,-84,775
533,553,26/04/2014,612,121,5,-85,774
534,556,27/04/2014,613,122,5,-84,773
535,557,28/04/2014,614,122,5,-82,772
536,558,29/04/2014,615,123,5,-83,771
537,559,01/05/2014,616,123,5,-82,769
538,561,02/05/2014,617,124,5,-84,769
539,562,03/05/2014,618,124,5,-83,769
540,560,04/05/2014,619,125,5,-82,766
541,563,05/05/2014,620,125,5,-83,765
542,564,06/05/2014,621,126,5,-82,765
543,565,07/05/2014,622,126,5,-84,763
544,566,08/05/2014,623,127,5,-83,763
545,568,09/05/2014,624,127,5,-82,762
546,569,10/05/2014,625,128,5,-81,761
547,567,11/05/2014,626,128,5,-82,760
548,570,12/05/2014,627,129,5,-82,759
549,571,13/05/2014,628,129,5,-81,759
550,572,14/05/2014,629,130,5,-84,759
551,573,15/05/2014,630,130,5,-82,757
552,576,16/05/2014,631,131,5,-81,756
553,575,17/05/2014,632,131,5,-79,755
554,574,18/05/2014,633,132,5,-81,754
555,577,19/05/2014,634,132,5,-82,753
556,578,20/05/2014,635,133,5,-82,754
557,582,21/05/2014,636,133,5,-81,752
558,580,22/05/2014,637,134,5,-80,752
559,579,23/05/2014,638,134,5,-80,751
560,581,24/05/2014,639,135,5,-80,750
561,583,25/05/2014,640,135,5,-81,750
562,584,26/05/2014,641,136,5,-81,749
563,585,27/05/2014,642,136,5,-80,749
564,586,28/05/2014,643,137,5,-80,748
565,588,29/05/2014,644,137,5,-80,748
566,589,30/05/2014,645,138,5,-81,746
567,587,31/05/2014,646,138,5,-81,746
568,590,01/06/2014,647,139,5,-79,746
569,591,02/06/2014,648,139,5,-80,746
570,592,03/06/2014,649,140,5,-79,745
571,593,04/06/2014,650,140,5,-80,743
572,595,05/06/2014,651,141,5,-80,743
573,594,07/06/2014,652,141,5,-79,745
574,596,08/06/2014,653,142,5,-80,744
575,597,09/06/2014,654,142,5,-79,742
576,598,10/06/2014,655,143,5,-77,741
577,599,11/06/2014,656,143,5,-80,740
578,600,12/06/2014,657,144,5,-79,739
579,602,13/06/2014,658,144,5,-79,739
580,603,14/06/2014,659,145,5,-77,738
581,601,15/06/2014,660,145,5,-78,735
582,604,16/06/2014,661,146,5,-76,735
583,605,17/06/2014,662,146,5,-77,735
584,609,18/06/2014,663,147,5,-77,734
585,607,19/06/2014,664,147,5,-78,732
586,610,20/06/2014,665,148,5,-78,735
587,608,21/06/2014,666,148,5,-77,736
588,606,22/06/2014,667,149,5,-76,736
589,611,23/06/2014,668,150,6,-75,734
590,613,24/06/2014,669,150,6,-84,735
591,612,25/06/2014,670,151,6,-79,737
592,614,26/06/2014,671,151,6,-79,740
593,615,27/06/2014,672,152,6,-78,739
594,616,28/06/2014,673,152,6,-78,738
595,617,29/06/2014,674,153,6,-80,739
596,618,30/06/2014,675,153,6,-80,740
597,619,01/07/2014,676,154,6,-80,738
598,622,02/07/2014,677,154,6,-78,737
599,621,03/07/2014,678,155,6,-77,739
600,624,04/07/2014,679,155,6,-77,738
601,620,05/07/2014,680,156,6,-76,740
602,623,06/07/2014,681,156,6,-79,738
603,625,07/07/2014,682,157,6,-77,739
604,626,08/07/2014,683,158,6,-79,741
605,627,09/07/2014,684,158,6,-75,741
606,628,10/07/2014,685,159,6,-77,740
607,629,11/07/2014,686,159,6,-76,738
608,630,12/07/2014,687,160,6,-77,739
609,631,14/07/2014,688,160,6,-77,741
610,632,15/07/2014,689,161,6,-76,742
611,633,16/07/2014,690,161,6,-77,741
612,634,17/07/2014,691,162,6,-76,741
613,637,18/07/2014,692,162,6,-76,742
614,636,19/07/2014,693,163,6,-76,741
615,635,20/07/2014,694,164,6,-75,740
616,638,21/07/2014,695,164,6,-76,741
617,639,22/07/2014,696,165,6,-75,743
618,640,23/07/2014,697,165,6,-74,743
619,641,24/07/2014,698,166,6,-77,743
620,642,25/07/2014,699,166,6,-76,744
621,643,26/07/2014,700,167,6,-75,745
622,644,27/07/2014,701,167,6,-77,745
623,645,28/07/2014,702,168,6,-76,745
624,646,29/07/2014,703,169,6,-75,747
625,647,30/07/2014,704,169,6,-75,747
626,648,31/07/2014,705,170,6,-76,746
627,650,01/08/2014,706,170,6,-76,748
628,651,02/08/2014,707,171,6,-76,749
629,649,03/08/2014,708,171,6,-76,749
630,652,04/08/2014,709,172,6,-73,750
631,653,05/08/2014,710,172,6,-77,751
632,654,06/08/2014,711,173,6,-75,751
633,658,07/08/2014,712,174,6,-77,752
634,656,08/08/2014,713,174,6,-76,754
635,655,09/08/2014,714,175,6,-76,754
636,657,10/08/2014,715,175,6,-73,755
637,659,11/08/2014,716,176,6,-75,755
638,661,12/08/2014,717,176,6,-76,756
639,660,13/08/2014,718,177,6,-77,757
640,662,14/08/2014,719,178,6,-77,758
641,663,15/08/2014,720,178,6,-74,760
642,664,16/08/2014,721,179,6,-73,761
643,665,17/08/2014,722,179,6,-74,760
644,666,18/08/2014,723,180,7,-73,761
645,667,19/08/2014,724,181,7,-74,763
646,669,21/08/2014,725,181,7,-73,764
647,668,22/08/2014,726,182,7,-75,766
648,671,23/08/2014,727,182,7,-76,766
649,670,24/08/2014,728,183,7,-74,766
650,672,25/08/2014,729,183,7,-75,768
651,676,26/08/2014,730,184,7,-76,770
652,673,27/08/2014,731,185,7,-75,771
653,677,28/08/2014,732,185,7,-75,773
654,674,29/08/2014,733,186,7,-74,773
655,675,30/08/2014,734,186,7,-73,776
656,678,31/08/2014,735,187,7,-73,776
657,679,01/09/2014,736,188,7,-76,776
658,680,02/09/2014,737,188,7,-74,777
659,681,03/09/2014,738,189,7,-75,778
660,682,04/09/2014,739,189,7,-77,779
661,685,05/09/2014,740,190,7,-76,782
662,683,06/09/2014,741,191,7,-70,784
663,684,07/09/2014,742,191,7,-72,784
664,686,08/09/2014,743,192,7,-72,786
665,687,09/09/2014,744,192,7,-75,786
666,689,10/09/2014,745,193,7,-74,787
667,688,11/09/2014,746,194,7,-76,788
668,691,12/09/2014,747,194,7,-73,789
669,690,13/09/2014,748,195,7,-71,791
670,692,14/09/2014,749,195,7,-73,794
671,693,15/09/2014,750,196,7,-72,796
672,695,16/09/2014,751,197,7,-72,797
673,694,17/09/2014,752,197,7,-71,798
674,698,18/09/2014,753,198,7,-73,800
675,696,19/09/2014,754,198,7,-73,802
676,697,20/09/2014,755,199,7,-74,806
677,699,21/09/2014,756,200,7,-73,806
678,700,22/09/2014,757,200,7,-73,807
679,701,23/09/2014,758,201,7,-71,810
680,702,24/09/2014,759,201,7,-77,809
681,704,25/09/2014,760,202,7,-70,810
682,705,27/09/2014,761,203,7,-72,814
683,703,28/09/2014,762,203,7,-75,814
684,706,29/09/2014,763,204,7,-78,817
685,707,30/09/2014,764,205,7,-73,821
686,708,01/10/2014,765,205,7,-73,820
687,709,02/10/2014,766,206,7,-70,824
688,710,03/10/2014,767,206,7,-71,824
689,712,04/10/2014,768,207,7,-73,826
690,711,05/10/2014,769,208,7,-73,829
691,713,06/10/2014,770,208,7,-70,829
692,714,07/10/2014,771,209,7,-71,836
693,715,08/10/2014,772,210,8,-71,835
694,716,09/10/2014,773,210,8,-70,838
695,719,10/10/2014,774,211,8,-73,838
696,717,11/10/2014,775,211,8,-71,838
697,718,12/10/2014,776,212,8,-72,841
698,720,13/10/2014,777,213,8,-72,841
699,721,14/10/2014,778,213,8,-70,846
700,722,15/10/2014,779,214,8,-71,845
701,723,16/10/2014,780,215,8,-72,852
702,725,17/10/2014,781,215,8,-74,849
703,724,18/10/2014,782,216,8,-71,854
704,727,19/10/2014,783,216,8,-69,853
705,726,20/10/2014,784,217,8,-69,857
706,728,21/10/2014,785,218,8,-74,858
707,729,22/10/2014,786,218,8,-74,861
708,732,23/10/2014,787,219,8,-73,860
709,731,24/10/2014,788,220,8,-68,862
710,730,25/10/2014,789,220,8,-68,862
711,733,26/10/2014,790,221,8,-68,864
712,734,27/10/2014,791,222,8,-70,867
713,735,28/10/2014,792,222,8,-71,873
714,736,29/10/2014,793,223,8,-71,877
715,739,30/10/2014,794,223,8,-68,874
716,738,31/10/2014,795,224,8,-68,875
717,737,01/11/2014,796,225,8,-65,877
718,740,03/11/2014,797,225,8,-65,879
719,741,04/11/2014,798,226,8,-67,883
720,743,05/11/2014,799,227,8,-70,884
721,742,06/11/2014,800,227,8,-67,884
722,746,07/11/2014,801,228,8,-70,884
723,745,08/11/2014,802,229,8,-69,887
724,744,09/11/2014,803,229,8,-69,888
725,747,10/11/2014,804,230,8,-73,891
726,748,11/11/2014,805,231,8,-70,893
727,750,12/11/2014,806,231,8,-69,893
728,749,13/11/2014,807,232,8,-71,892
729,752,14/11/2014,808,232,8,-67,893
730,753,15/11/2014,809,233,8,-70,895
731,751,16/11/2014,810,234,8,-69,897
732,754,17/11/2014,811,234,8,-71,900
733,755,18/11/2014,812,235,8,-75,902
734,756,19/11/2014,813,236,8,-67,904
735,757,20/11/2014,814,236,8,-68,902
736,759,21/11/2014,815,237,8,-69,905
737,758,22/11/2014,816,238,8,-74,909
738,761,23/11/2014,817,238,8,-69,913
739,760,24/11/2014,818,239,8,-68,914
740,763,25/11/2014,819,240,9,-71,913
741,765,26/11/2014,820,240,9,-68,910
742,762,27/11/2014,821,241,9,-68,910
743,764,28/11/2014,822,242,9,-71,911
744,766,29/11/2014,823,242,9,-69,912
745,768,30/11/2014,824,243,9,-67,914
746,767,01/12/2014,825,243,9,-67,914
747,770,02/12/2014,826,244,9,-68,914
748,769,03/12/2014,827,245,9,-68,911
749,771,04/12/2014,828,245,9,-71,914
750,773,05/12/2014,829,246,9,-71,914
751,772,06/12/2014,830,247,9,-68,918
752,774,07/12/2014,831,247,9,-68,920
753,775,08/12/2014,832,248,9,-68,924
754,776,09/12/2014,833,249,9,-69,923
755,777,11/12/2014,834,249,9,-68,918
756,780,12/12/2014,835,250,9,-69,917
757,778,13/12/2014,836,251,9,-69,916
758,779,14/12/2014,837,251,9,-69,916
759,782,15/12/2014,838,252,9,-69,917
760,781,16/12/2014,839,253,9,-70,917
761,783,17/12/2014,840,253,9,-74,913
762,784,18/12/2014,841,254,9,-75,914
763,790,19/12/2014,842,255,9,-69,914
764,793,20/12/2014,843,255,9,-69,916
765,788,21/12/2014,844,256,9,-68,917
766,786,22/12/2014,845,257,9,-73,920
767,785,23/12/2014,846,257,9,-74,925
768,791,24/12/2014,847,258,9,-69,918
769,792,25/12/2014,848,258,9,-69,918
770,787,26/12/2014,849,259,9,-69,918
771,789,27/12/2014,850,260,9,-68,918
772,794,28/12/2014,851,260,9,-68,919
773,797,29/12/2014,852,261,9,-73,916
774,796,30/12/2014,853,262,9,-67,913
775,798,31/12/2014,854,262,9,-66,910
776,799,01/01/2015,855,263,9,-69,912
777,795,02/01/2015,856,264,9,-68,912
778,801,03/01/2015,857,264,9,-76,911
779,800,04/01/2015,858,265,9,-73,913
780,802,05/01/2015,859,266,9,-72,915
781,803,06/01/2015,860,266,9,-69,916
782,804,07/01/2015,861,267,9,-70,917
783,807,08/01/2015,862,268,9,-70,917
784,805,09/01/2015,863,268,9,-72,916
785,806,10/01/2015,864,269,9,-70,914
786,808,11/01/2015,865,270,10,-70,913
787,809,12/01/2015,866,270,10,-71,911
788,810,13/01/2015,867,271,10,-71,910
789,811,14/01/2015,868,271,10,-71,908
790,812,15/01/2015,869,272,10,-72,906
791,813,17/01/2015,870,273,10,-74,909
792,814,18/01/2015,871,273,10,-70,903
793,815,19/01/2015,872,274,10,-72,902
794,817,28/01/2015,881,280,10,-73,899
795,818,29/01/2015,882,280,10,-76,901
796,820,30/01/2015,883,281,10,-74,897
797,821,31/01/2015,884,282,10,-71,897
798,819,01/02/2015,885,282,10,-71,895
799,823,02/02/2015,886,283,10,-73,894
800,822,03/02/2015,887,284,10,-73,897
801,824,04/02/2015,888,284,10,-70,896
802,825,05/02/2015,889,285,10,-70,895
803,826,06/02/2015,890,286,10,-72,892
804,827,07/02/2015,891,286,10,-72,892
805,828,08/02/2015,892,287,10,-71,892
806,829,09/02/2015,893,287,10,-72,890
807,830,10/02/2015,894,288,10,-75,891
808,831,11/02/2015,895,289,10,-72,889
809,833,12/02/2015,896,289,10,-70,888
810,832,13/02/2015,897,290,10,-72,884
811,834,14/02/2015,898,291,10,-72,883
812,835,15/02/2015,899,291,10,-75,881
813,836,16/02/2015,900,292,10,-70,883
814,837,17/02/2015,901,292,10,-71,885
815,838,18/02/2015,902,293,10,-68,883
816,839,19/02/2015,903,294,10,-71,882
817,841,20/02/2015,904,294,10,-71,878
818,840,21/02/2015,905,295,10,-71,880
819,843,22/02/2015,906,296,10,-76,878
820,842,24/02/2015,907,296,10,-75,879
821,844,25/02/2015,908,297,10,-71,883
822,845,26/02/2015,909,297,10,-70,878
823,847,27/02/2015,910,298,10,-73,878
824,846,28/02/2015,911,299,10,-70,874
825,849,01/03/2015,912,299,10,-75,875
826,848,02/03/2015,913,300,11,-71,871
827,850,03/03/2015,914,300,11,-71,874
828,851,04/03/2015,915,301,11,-71,878
829,852,05/03/2015,916,302,11,-71,872
830,854,06/03/2015,917,302,11,-76,871
831,853,07/03/2015,918,303,11,-71,867
832,855,08/03/2015,919,304,11,-74,870
833,856,09/03/2015,920,304,11,-72,868
834,857,10/03/2015,921,305,11,-70,867
835,858,11/03/2015,922,305,11,-73,870
836,859,12/03/2015,923,306,11,-72,867
837,861,13/03/2015,924,307,11,-74,867
838,860,14/03/2015,925,307,11,-71,862
839,862,15/03/2015,926,308,11,-76,864
840,863,16/03/2015,927,308,11,-76,862
841,864,17/03/2015,928,309,11,-72,862
842,865,18/03/2015,929,310,11,-75,866
843,868,19/03/2015,930,310,11,-75,865
844,867,20/03/2015,931,311,11,-69,864
845,866,21/03/2015,932,311,11,-71,859
846,869,22/03/2015,933,312,11,-71,863
847,870,23/03/2015,934,313,11,-73,858
848,872,24/03/2015,935,313,11,-75,862
849,871,25/03/2015,936,314,11,-72,865
850,874,26/03/2015,937,314,11,-73,863
851,876,29/03/2015,940,316,11,-73,861
852,875,30/03/2015,941,317,11,-74,857
853,880,31/03/2015,942,317,11,-74,857
854,877,02/04/2015,943,318,11,-73,854
855,878,03/04/2015,944,318,11,-70,852
856,881,04/04/2015,945,319,11,-72,851
857,879,05/04/2015,946,320,11,-77,850
858,882,06/04/2015,947,320,11,-70,853
859,883,07/04/2015,948,321,11,-73,854
860,884,08/04/2015,949,321,11,-72,851
861,885,09/04/2015,950,322,11,-73,850
862,888,10/04/2015,951,323,11,-75,849
863,886,11/04/2015,952,323,11,-69,847
864,887,12/04/2015,953,324,11,-71,847
865,889,13/04/2015,954,324,11,-73,847
866,892,17/04/2015,958,327,11,-74,848
867,891,18/04/2015,959,327,11,-78,846
868,893,19/04/2015,960,328,11,-76,846
869,895,20/04/2015,961,328,11,-71,849
870,894,21/04/2015,962,329,11,-73,845
871,896,22/04/2015,963,329,11,-71,850
872,897,23/04/2015,964,330,12,-72,847
873,898,24/04/2015,965,331,12,-75,847
874,900,25/04/2015,966,331,12,-73,850
875,899,26/04/2015,967,332,12,-74,844
876,901,27/04/2015,968,332,12,-71,848
877,902,28/04/2015,969,333,12,-72,844
878,903,29/04/2015,970,333,12,-71,849
879,906,30/04/2015,971,334,12,-71,848
880,904,01/05/2015,972,334,12,-73,847
881,905,02/05/2015,973,335,12,-72,844
882,907,03/05/2015,974,336,12,-73,842
883,908,04/05/2015,975,336,12,-73,843
884,909,05/05/2015,976,337,12,-75,842
885,910,06/05/2015,977,337,12,-75,841
886,913,07/05/2015,978,338,12,-73,842
887,912,09/05/2015,979,338,12,-79,841
888,911,10/05/2015,980,339,12,-73,840
889,914,11/05/2015,981,339,12,-73,841
890,917,12/05/2015,982,340,12,-74,840
891,916,13/05/2015,983,340,12,-76,840
892,915,14/05/2015,984,341,12,-74,840
893,918,15/05/2015,985,342,12,-78,840
894,919,16/05/2015,986,342,12,-74,840
895,920,17/05/2015,987,343,12,-74,839
896,922,18/05/2015,988,343,12,-75,840
897,921,19/05/2015,989,344,12,-74,841
898,923,20/05/2015,990,344,12,-76,839
899,926,21/05/2015,991,345,12,-73,840
900,924,22/05/2015,992,345,12,-73,842
901,927,23/05/2015,993,346,12,-73,840
902,925,24/05/2015,994,346,12,-79,842
903,929,25/05/2015,995,347,12,-74,842
904,928,26/05/2015,996,348,12,-72,842
905,930,27/05/2015,997,348,12,-74,843
906,931,28/05/2015,998,349,12,-73,842
907,932,30/05/2015,1000,350,12,-74,841
908,933,31/05/2015,1001,350,12,-79,843
909,936,01/06/2015,1002,351,12,-77,844
910,934,02/06/2015,1003,351,12,-74,843
911,935,03/06/2015,1004,352,12,-74,842
912,939,04/06/2015,1005,352,12,-75,843
913,941,05/06/2015,1006,353,12,-78,844
914,937,06/06/2015,1007,353,12,-79,845
915,940,07/06/2015,1008,354,12,-79,844
916,946,08/06/2015,1009,354,12,-75,845
917,947,09/06/2015,1010,355,12,-74,846
918,948,10/06/2015,1011,355,12,-78,845
919,949,11/06/2015,1012,356,12,-81,846
920,953,12/06/2015,1013,356,12,-80,846
921,950,13/06/2015,1014,357,12,-77,846
922,951,14/06/2015,1015,357,12,-75,847
923,952,16/06/2015,1016,358,12,-76,847
924,955,17/06/2015,1017,359,12,-78,850
925,956,18/06/2015,1018,359,12,-79,850
926,954,19/06/2015,1019,0,1,-81,849
927,938,20/06/2015,1020,0,1,-63,832
928,942,21/06/2015,1021,1,1,-76,850
929,944,22/06/2015,1022,1,1,-75,852
930,943,23/06/2015,1023,2,1,-76,851
931,945,24/06/2015,1024,2,1,-76,851
932,958,25/06/2015,1025,3,1,-74,851
933,957,26/06/2015,1026,3,1,-78,851
934,960,28/06/2015,1028,4,1,-75,853
935,959,29/06/2015,1029,5,1,-75,856
936,961,30/06/2015,1030,5,1,-77,855
937,963,01/07/2015,1031,6,1,-76,854
938,962,02/07/2015,1032,6,1,-74,854
939,965,03/07/2015,1033,7,1,-77,856
940,964,04/07/2015,1034,7,1,-76,859
941,966,05/07/2015,1035,8,1,-77,857
942,967,06/07/2015,1036,8,1,-76,856
943,968,07/07/2015,1037,9,1,-80,856
944,969,08/07/2015,1038,9,1,-76,858
945,970,09/07/2015,1039,10,1,-77,857
946,972,10/07/2015,1040,10,1,-77,858
947,971,11/07/2015,1041,11,1,-77,859
948,973,12/07/2015,1042,11,1,-76,859
949,974,13/07/2015,1043,12,1,-77,860
950,975,14/07/2015,1044,12,1,-79,860
951,978,15/07/2015,1045,13,1,-80,861
952,979,16/07/2015,1046,13,1,-77,862
953,977,17/07/2015,1047,14,1,-77,863
954,976,18/07/2015,1048,14,1,-78,864
955,980,19/07/2015,1049,15,1,-75,864
956,981,20/07/2015,1050,15,1,-76,863
957,983,21/07/2015,1051,16,1,-76,864
958,982,23/07/2015,1052,16,1,-78,865
959,984,24/07/2015,1053,17,1,-79,865
960,985,25/07/2015,1054,17,1,-77,867
961,987,26/07/2015,1055,17,1,-77,868
962,986,27/07/2015,1056,18,1,-76,868
963,988,28/07/2015,1057,18,1,-78,867
964,989,29/07/2015,1058,19,1,-78,868
965,990,30/07/2015,1059,19,1,-78,870
966,992,31/07/2015,1060,20,1,-78,870
967,993,01/08/2015,1061,20,1,-77,871
968,991,02/08/2015,1062,21,1,-77,871
969,994,03/08/2015,1063,21,1,-79,871
970,996,04/08/2015,1064,22,1,-77,871
971,995,05/08/2015,1065,22,1,-78,873
972,997,06/08/2015,1066,23,1,-78,875
973,998,07/08/2015,1067,23,1,-79,875
974,1000,08/08/2015,1068,24,1,-76,874
975,999,09/08/2015,1069,24,1,-77,876
976,1001,10/08/2015,1070,25,1,-80,877
977,1002,11/08/2015,1071,25,1,-78,878
978,1003,12/08/2015,1072,26,1,-78,879
979,1004,13/08/2015,1073,26,1,-82,879
980,1005,14/08/2015,1074,27,1,-77,878
981,1006,15/08/2015,1075,27,1,-77,879
982,1007,16/08/2015,1076,28,1,-81,880
983,1008,17/08/2015,1077,28,1,-79,880
984,1009,18/08/2015,1078,29,1,-80,881
985,1010,19/08/2015,1079,29,1,-80,882
986,1013,20/08/2015,1080,29,1,-77,882
987,1011,21/08/2015,1081,30,2,-77,882
988,1012,22/08/2015,1082,30,2,-79,882
989,1014,23/08/2015,1083,31,2,-80,883
990,1015,24/08/2015,1084,31,2,-78,885
991,1017,25/08/2015,1085,32,2,-79,886
992,1016,26/08/2015,1086,32,2,-77,885
993,1019,27/08/2015,1087,33,2,-78,885
994,1020,29/08/2015,1088,33,2,-77,885
995,1018,30/08/2015,1089,34,2,-76,885
996,1021,31/08/2015,1090,34,2,-78,886
997,1022,01/09/2015,1091,35,2,-77,886
998,1023,02/09/2015,1092,35,2,-79,886
999,1024,03/09/2015,1093,36,2,-77,887
1000,1026,04/09/2015,1094,36,2,-80,888
1001,1027,05/09/2015,1095,36,2,-79,888
1002,1025,06/09/2015,1096,37,2,-79,888
1003,1028,07/09/2015,1097,37,2,-78,889
1004,1029,08/09/2015,1098,38,2,-77,890
1005,1030,09/09/2015,1099,38,2,-78,891
1006,1031,10/09/2015,1100,39,2,-79,890
1007,1034,11/09/2015,1101,39,2,-80,891
1008,1032,12/09/2015,1102,40,2,-84,892
1009,1033,13/09/2015,1103,40,2,-81,893
1010,1035,14/09/2015,1104,41,2,-79,893
1011,1036,15/09/2015,1105,41,2,-78,892
1012,1037,16/09/2015,1106,42,2,-82,893
1013,1040,17/09/2015,1107,42,2,-79,893
1014,1038,18/09/2015,1108,42,2,-78,895
1015,1039,19/09/2015,1109,43,2,-82,895
1016,1041,20/09/2015,1110,43,2,-81,895
1017,1042,21/09/2015,1111,44,2,-79,896
1018,1043,22/09/2015,1112,44,2,-80,895
1019,1044,23/09/2015,1113,45,2,-79,895
1020,1045,24/09/2015,1114,45,2,-79,896
1021,1047,25/09/2015,1115,46,2,-80,897
1022,1046,26/09/2015,1116,46,2,-79,898
1023,1048,27/09/2015,1117,47,2,-79,898
1024,1049,28/09/2015,1118,47,2,-80,898
1025,1050,29/09/2015,1119,48,2,-81,899
1026,1051,30/09/2015,1120,48,2,-80,900
1027,1052,01/10/2015,1121,48,2,-81,901
1028,1053,02/10/2015,1122,49,2,-79,901
1029,1054,03/10/2015,1123,49,2,-79,900
1030,1055,04/10/2015,1124,50,2,-80,900
1031,1056,06/10/2015,1125,50,2,-79,900
1032,1057,07/10/2015,1126,51,2,-79,901
1033,1058,08/10/2015,1127,51,2,-80,901
1034,1059,09/10/2015,1128,52,2,-79,902
1035,1060,10/10/2015,1129,52,2,-80,902
1036,1061,11/10/2015,1130,53,2,-81,902
1037,1062,12/10/2015,1131,53,2,-81,902
1038,1063,13/10/2015,1132,53,2,-82,902
1039,1064,14/10/2015,1133,54,2,-82,902
1040,1065,15/10/2015,1134,54,2,-80,902
1041,1069,16/10/2015,1135,55,2,-81,901
1042,1066,17/10/2015,1136,55,2,-82,901
1043,1068,18/10/2015,1137,56,2,-81,901
1044,1067,19/10/2015,1138,56,2,-82,901
1045,1070,20/10/2015,1139,57,2,-80,901
1046,1071,21/10/2015,1140,57,2,-81,901
1047,1072,22/10/2015,1141,57,2,-82,902
1048,1073,23/10/2015,1142,58,2,-82,902
1049,1074,24/10/2015,1143,58,2,-82,901
1050,1075,25/10/2015,1144,59,2,-82,902
1051,1076,26/10/2015,1145,59,2,-82,903
1052,1077,27/10/2015,1146,60,3,-82,902
1053,1078,28/10/2015,1147,60,3,-80,901
1054,1080,29/10/2015,1148,61,3,-80,901
1055,1079,30/10/2015,1149,61,3,-81,902
1056,1081,31/10/2015,1150,62,3,-82,902
1057,1082,01/11/2015,1151,62,3,-82,901
1058,1086,02/11/2015,1152,62,3,-80,901
1059,1083,03/11/2015,1153,63,3,-82,900
1060,1088,04/11/2015,1154,63,3,-84,900
1061,1084,05/11/2015,1155,64,3,-84,900
1062,1085,06/11/2015,1156,64,3,-84,900
1063,1087,07/11/2015,1157,65,3,-82,900
1064,1089,08/11/2015,1158,65,3,-82,898
1065,1090,09/11/2015,1159,66,3,-82,898
1066,1091,10/11/2015,1160,66,3,-80,899
1067,1092,12/11/2015,1161,66,3,-83,898
1068,1093,13/11/2015,1162,67,3,-84,897
1069,1094,14/11/2015,1163,67,3,-86,896
1070,1095,15/11/2015,1164,68,3,-86,896
1071,1096,16/11/2015,1165,68,3,-84,897
1072,1097,17/11/2015,1166,69,3,-84,895
1073,1098,18/11/2015,1167,69,3,-84,894
1074,1102,19/11/2015,1168,70,3,-84,894
1075,1100,20/11/2015,1169,70,3,-89,894
1076,1101,21/11/2015,1170,71,3,-85,893
1077,1099,22/11/2015,1171,71,3,-87,892
1078,1104,23/11/2015,1172,71,3,-87,892
1079,1103,24/11/2015,1173,72,3,-87,892
1080,1105,25/11/2015,1174,72,3,-85,891
1081,1106,26/11/2015,1175,73,3,-85,890
1082,1107,27/11/2015,1176,73,3,-84,890
1083,1108,28/11/2015,1177,74,3,-84,888
1084,1109,29/11/2015,1178,74,3,-86,888
1085,1110,30/11/2015,1179,75,3,-85,887
1086,1111,01/12/2015,1180,75,3,-86,886
1087,1112,02/12/2015,1181,75,3,-86,885
1088,1114,03/12/2015,1182,76,3,-85,884
1089,1113,04/12/2015,1183,76,3,-86,883
1090,1115,05/12/2015,1184,77,3,-85,882
1091,1116,06/12/2015,1185,77,3,-84,881
1092,1117,07/12/2015,1186,78,3,-86,881
1093,1118,08/12/2015,1187,78,3,-84,881
1094,1119,09/12/2015,1188,79,3,-90,881
1095,1120,10/12/2015,1189,79,3,-87,879
1096,1121,11/12/2015,1190,79,3,-87,877
1097,1122,12/12/2015,1191,80,3,-87,876
1098,1123,13/12/2015,1192,80,3,-86,876
1099,1124,14/12/2015,1193,81,3,-84,875
1100,1125,15/12/2015,1194,81,3,-84,873
1101,1126,16/12/2015,1195,82,3,-86,872
1102,1129,17/12/2015,1196,82,3,-86,871
1103,1127,18/12/2015,1197,83,3,-85,869
1104,1128,20/12/2015,1198,83,3,-86,868
1105,1130,21/12/2015,1199,84,3,-86,868
1106,1131,22/12/2015,1200,84,3,-84,866
1107,1132,23/12/2015,1201,84,3,-85,866
1108,1133,24/12/2015,1202,85,3,-85,864
1109,1136,25/12/2015,1203,85,3,-85,863
1110,1135,26/12/2015,1204,86,3,-84,862
1111,1134,27/12/2015,1205,86,3,-86,861
1112,1137,28/12/2015,1206,87,3,-85,859
1113,1138,29/12/2015,1207,87,3,-85,858
1114,1139,30/12/2015,1208,88,3,-85,857
1115,1141,31/12/2015,1209,88,3,-85,855
1116,1140,01/01/2016,1210,88,3,-85,854
1117,1142,02/01/2016,1211,89,3,-83,853
1118,1143,03/01/2016,1212,89,3,-86,851
1119,1145,04/01/2016,1213,90,4,-84,851
1120,1144,05/01/2016,1214,90,4,-85,849
1121,1146,06/01/2016,1215,91,4,-85,848
1122,1147,07/01/2016,1216,91,4,-86,847
1123,1148,08/01/2016,1217,92,4,-88,846
1124,1149,09/01/2016,1218,92,4,-86,845
1125,1150,10/01/2016,1219,93,4,-87,844
1126,1151,11/01/2016,1220,93,4,-87,842
1127,1152,12/01/2016,1221,93,4,-87,841
1128,1153,13/01/2016,1222,94,4,-87,840
1129,1155,14/01/2016,1223,94,4,-88,839
1130,1154,15/01/2016,1224,95,4,-88,837
1131,1156,16/01/2016,1225,95,4,-87,836
1132,1157,17/01/2016,1226,96,4,-87,835
1133,1158,18/01/2016,1227,96,4,-88,833
1134,1159,19/01/2016,1228,97,4,-88,832
1135,1160,20/01/2016,1229,97,4,-88,831
1136,1161,21/01/2016,1230,98,4,-88,830
1137,1162,22/01/2016,1231,98,4,-88,828
1138,1163,23/01/2016,1232,99,4,-88,827
1139,1164,24/01/2016,1233,99,4,-88,826
1140,1166,26/01/2016,1234,99,4,-88,824
1141,1165,27/01/2016,1235,100,4,-88,824
1142,1170,28/01/2016,1236,100,4,-87,822
1143,1169,29/01/2016,1237,101,4,-88,820
1144,1167,30/01/2016,1238,101,4,-87,819
1145,1168,31/01/2016,1239,102,4,-89,818
1146,1171,01/02/2016,1240,102,4,-87,816
1147,1172,02/02/2016,1241,103,4,-87,816
1148,1173,03/02/2016,1242,103,4,-87,815
1149,1174,04/02/2016,1243,104,4,-86,814
1150,1175,05/02/2016,1244,104,4,-85,812
1151,1176,06/02/2016,1245,105,4,-86,811
1152,1178,07/02/2016,1246,105,4,-85,810
1153,1177,08/02/2016,1247,105,4,-85,809
1154,1179,09/02/2016,1248,106,4,-86,807
1155,1180,10/02/2016,1249,106,4,-85,806
1156,1182,11/02/2016,1250,107,4,-85,804
1157,1185,12/02/2016,1251,107,4,-85,803
1158,1184,13/02/2016,1252,108,4,-85,802
1159,1181,14/02/2016,1253,108,4,-85,800
1160,1183,15/02/2016,1254,109,4,-84,799
1161,1187,16/02/2016,1255,109,4,-84,798
1162,1186,17/02/2016,1256,110,4,-84,797
1163,1188,18/02/2016,1257,110,4,-84,794
1164,1189,19/02/2016,1258,111,4,-83,794
1165,1190,20/02/2016,1259,111,4,-84,794
1166,1191,21/02/2016,1260,112,4,-83,792
1167,1192,22/02/2016,1261,112,4,-81,790
1168,1193,23/02/2016,1262,112,4,-81,790
1169,1194,24/02/2016,1263,113,4,-84,788
1170,1195,25/02/2016,1264,113,4,-84,787
1171,1197,26/02/2016,1265,114,4,-81,787
1172,1196,27/02/2016,1266,114,4,-82,787
1173,1198,28/02/2016,1267,115,4,-83,786
1174,1199,29/02/2016,1268,115,4,-83,784
1175,1201,01/03/2016,1269,116,4,-83,782
1176,1200,03/03/2016,1270,116,4,-82,782
1177,1202,04/03/2016,1271,117,4,-84,781
1178,1203,05/03/2016,1272,117,4,-81,780
1179,1204,06/03/2016,1273,118,4,-79,778
1180,1205,07/03/2016,1274,118,4,-82,777
1181,1206,08/03/2016,1275,119,4,-82,775
1182,1207,09/03/2016,1276,119,4,-83,774
1183,1208,10/03/2016,1277,120,5,-84,774
1184,1210,11/03/2016,1278,120,5,-83,773
1185,1209,12/03/2016,1279,121,5,-83,772
1186,1211,13/03/2016,1280,121,5,-84,771
1187,1212,14/03/2016,1281,122,5,-83,769
1188,1213,15/03/2016,1282,122,5,-81,768
1189,1214,16/03/2016,1283,123,5,-82,767
1190,1216,17/03/2016,1284,123,5,-80,767
1191,1217,18/03/2016,1285,123,5,-80,766
1192,1215,19/03/2016,1286,124,5,-80,765
1193,1218,20/03/2016,1287,124,5,-80,764
1194,1219,21/03/2016,1288,125,5,-80,763
1195,1220,24/03/2016,1291,126,5,-80,760
1196,1222,25/03/2016,1292,127,5,-81,760
1197,1221,26/03/2016,1293,127,5,-81,758
1198,1223,27/03/2016,1294,128,5,-79,758
1199,1224,28/03/2016,1295,128,5,-79,757
1200,1226,29/03/2016,1296,129,5,-79,756
1201,1225,30/03/2016,1297,129,5,-80,755
1202,1229,31/03/2016,1298,130,5,-79,755
1203,1228,01/04/2016,1299,130,5,-80,753
1204,1227,02/04/2016,1300,131,5,-79,752
1205,1230,03/04/2016,1301,131,5,-78,752
1206,1231,04/04/2016,1302,132,5,-80,751
1207,1232,05/04/2016,1303,132,5,-78,751
1208,1233,06/04/2016,1304,133,5,-80,750
1209,1235,07/04/2016,1305,133,5,-80,749
1210,1234,08/04/2016,1306,134,5,-79,748
1211,1236,10/04/2016,1307,134,5,-80,748
1212,1237,11/04/2016,1308,135,5,-81,748
1213,1238,12/04/2016,1309,135,5,-81,747
1214,1239,13/04/2016,1310,136,5,-76,745
1215,1240,14/04/2016,1311,136,5,-78,745
1216,1243,15/04/2016,1312,137,5,-77,745
1217,1241,16/04/2016,1313,137,5,-77,745
1218,1242,17/04/2016,1314,138,5,-78,744
1219,1244,18/04/2016,1315,138,5,-77,744
1220,1245,19/04/2016,1316,139,5,-80,744
1221,1246,20/04/2016,1317,139,5,-80,743
1222,1247,21/04/2016,1318,140,5,-80,743
1223,1248,22/04/2016,1319,140,5,-78,742
1224,1250,23/04/2016,1320,141,5,-77,741
1225,1249,24/04/2016,1321,141,5,-77,740
1226,1251,25/04/2016,1322,142,5,-78,740
1227,1252,26/04/2016,1323,142,5,-77,738
1228,1253,27/04/2016,1324,143,5,-78,738
1229,1256,28/04/2016,1325,144,5,-78,738
1230,1254,29/04/2016,1326,144,5,-77,738
1231,1255,30/04/2016,1327,145,5,-76,736
1232,1257,01/05/2016,1328,145,5,-77,735
1233,1258,02/05/2016,1329,146,5,-74,735
1234,1259,03/05/2016,1330,146,5,-78,734
1235,1260,04/05/2016,1331,147,5,-76,734
1236,1262,05/05/2016,1332,147,5,-78,734
1237,1263,06/05/2016,1333,148,5,-76,733
1238,1261,07/05/2016,1334,148,5,-77,732
1239,1264,08/05/2016,1335,149,5,-77,732
1240,1265,09/05/2016,1336,149,5,-75,732
1241,1266,10/05/2016,1337,150,6,-76,734
1242,1267,11/05/2016,1338,150,6,-75,734
1243,1268,12/05/2016,1339,151,6,-77,733
1244,1269,13/05/2016,1340,151,6,-76,734
1245,1270,14/05/2016,1341,152,6,-76,735
1246,1271,15/05/2016,1342,152,6,-80,735
1247,1272,17/05/2016,1343,153,6,-74,735
1248,1273,18/05/2016,1344,153,6,-75,734
1249,1276,19/05/2016,1345,154,6,-75,735
1250,1274,20/05/2016,1346,155,6,-75,737
1251,1277,21/05/2016,1347,155,6,-75,736
1252,1275,22/05/2016,1348,156,6,-76,735
1253,1278,23/05/2016,1349,156,6,-73,737
1254,1279,24/05/2016,1350,157,6,-73,738
1255,1280,25/05/2016,1351,157,6,-72,739
1256,1283,26/05/2016,1352,158,6,-73,736
1257,1281,27/05/2016,1353,158,6,-76,737
1258,1282,28/05/2016,1354,159,6,-75,739
1259,1284,29/05/2016,1355,159,6,-75,740
1260,1286,30/05/2016,1356,160,6,-74,739
1261,1285,31/05/2016,1357,160,6,-72,738
1262,1287,01/06/2016,1358,161,6,-74,738
1263,1288,02/06/2016,1359,162,6,-76,739
1264,1289,03/06/2016,1360,162,6,-76,739
1265,1290,04/06/2016,1361,163,6,-75,739
1266,1291,05/06/2016,1362,163,6,-74,739
1267,1292,06/06/2016,1363,164,6,-75,740
1268,1293,07/06/2016,1364,164,6,-74,740
1269,1294,08/06/2016,1365,165,6,-74,739
1270,1295,09/06/2016,1366,165,6,-75,740
1271,1296,10/06/2016,1367,166,6,-74,743
1272,1297,11/06/2016,1368,167,6,-74,743
1273,1299,12/06/2016,1369,167,6,-73,742
1274,1298,13/06/2016,1370,168,6,-74,744
1275,1301,14/06/2016,1371,168,6,-75,746
1276,1300,15/06/2016,1372,169,6,-74,745
1277,1303,16/06/2016,1373,169,6,-74,746
1278,1302,17/06/2016,1374,170,6,-75,748
1279,1304,18/06/2016,1375,170,6,-73,749
1280,1305,19/06/2016,1376,171,6,-75,749
1281,1306,20/06/2016,1377,172,6,-76,749
1282,1308,21/06/2016,1378,172,6,-76,751
1283,1307,23/06/2016,1379,173,6,-77,751
1284,1311,24/06/2016,1380,173,6,-74,751
1285,1309,25/06/2016,1381,174,6,-73,751
1286,1310,26/06/2016,1382,174,6,-76,752
1287,1312,27/06/2016,1383,175,6,-73,752
1288,1313,28/06/2016,1384,176,6,-74,753
1289,1314,29/06/2016,1385,176,6,-75,755
1290,1315,30/06/2016,1386,177,6,-74,755
1291,1316,01/07/2016,1387,177,6,-74,755
1292,1317,02/07/2016,1388,178,6,-73,756
1293,1318,12/07/2016,1398,184,7,-66,751
1294,1319,13/07/2016,1399,184,7,-73,770
1295,1322,14/07/2016,1400,185,7,-73,770
1296,1321,15/07/2016,1401,185,7,-73,770
1297,1320,16/07/2016,1402,186,7,-75,771
1298,1323,17/07/2016,1403,187,7,-75,771
1299,1324,18/07/2016,1404,187,7,-75,774
1300,1325,19/07/2016,1405,188,7,-75,775
1301,1328,20/07/2016,1406,188,7,-76,775
1302,1329,21/07/2016,1407,189,7,-74,779
1303,1327,22/07/2016,1408,190,7,-75,779
1304,1326,23/07/2016,1409,190,7,-74,781
1305,1330,24/07/2016,1410,191,7,-72,782
1306,1331,25/07/2016,1411,191,7,-72,782
1307,1333,26/07/2016,1412,192,7,-78,784
1308,1332,27/07/2016,1413,193,7,-72,784
1309,1336,28/07/2016,1414,193,7,-73,785
1310,1334,29/07/2016,1415,194,7,-72,787
1311,1335,31/07/2016,1416,194,7,-72,791
1312,1337,01/08/2016,1417,195,7,-70,791
1313,1338,02/08/2016,1418,196,7,-73,793
1314,1339,03/08/2016,1419,196,7,-73,793
1315,1340,04/08/2016,1420,197,7,-71,793
1316,1343,05/08/2016,1421,197,7,-72,797
1317,1342,06/08/2016,1422,198,7,-72,798
1318,1341,07/08/2016,1423,199,7,-71,800
1319,1344,08/08/2016,1424,199,7,-72,803
1320,1345,09/08/2016,1425,200,7,-72,804
1321,1346,10/08/2016,1426,200,7,-71,803
1322,1347,11/08/2016,1427,201,7,-72,807
1323,1348,12/08/2016,1428,202,7,-72,808
1324,1349,13/08/2016,1429,202,7,-70,810
1325,1351,14/08/2016,1430,203,7,-69,810
1326,1350,15/08/2016,1431,204,7,-69,811
1327,1352,16/08/2016,1432,204,7,-71,813
1328,1353,17/08/2016,1433,205,7,-70,818
1329,1356,18/08/2016,1434,205,7,-70,818
1330,1355,19/08/2016,1435,206,7,-71,823
1331,1354,20/08/2016,1436,207,7,-72,825
1332,1357,21/08/2016,1437,207,7,-71,821
1333,1358,22/08/2016,1438,208,7,-68,823
1334,1360,23/08/2016,1439,208,7,-71,828
1335,1359,24/08/2016,1440,209,7,-70,828
1336,1361,25/08/2016,1441,210,8,-74,828
1337,1362,26/08/2016,1442,210,8,-68,829
1338,1363,27/08/2016,1443,211,8,-69,831
1339,1364,28/08/2016,1444,212,8,-69,833
1340,1365,29/08/2016,1445,212,8,-69,836
1341,1366,30/08/2016,1446,213,8,-70,841
1342,1367,31/08/2016,1447,214,8,-74,841
1343,1369,01/09/2016,1448,214,8,-69,841
1344,1368,02/09/2016,1449,215,8,-71,841
1345,1370,03/09/2016,1450,215,8,-69,842
1346,1371,04/09/2016,1451,216,8,-71,842
1347,1373,06/09/2016,1452,217,8,-74,845
1348,1372,07/09/2016,1453,217,8,-73,850
1349,1374,08/09/2016,1454,218,8,-69,854
1350,1377,09/09/2016,1455,219,8,-70,858
1351,1376,10/09/2016,1456,219,8,-69,859
1352,1375,11/09/2016,1457,220,8,-69,860
1353,1378,12/09/2016,1458,220,8,-69,859
1354,1379,13/09/2016,1459,221,8,-71,861
1355,1380,14/09/2016,1460,222,8,-70,865
1356,1382,15/09/2016,1461,222,8,-69,870
1357,1381,16/09/2016,1462,223,8,-68,871
1358,1383,17/09/2016,1463,224,8,-68,871
1359,1384,18/09/2016,1464,224,8,-71,871
1360,1385,19/09/2016,1465,225,8,-68,870
1361,1386,20/09/2016,1466,226,8,-67,873
1362,1387,21/09/2016,1467,226,8,-69,877
1363,1388,22/09/2016,1468,227,8,-70,879
1364,1389,23/09/2016,1469,228,8,-72,881
1365,1391,24/09/2016,1470,228,8,-70,879
1366,1392,25/09/2016,1471,229,8,-71,880
1367,1390,26/09/2016,1472,229,8,-68,879
1368,1393,27/09/2016,1473,230,8,-67,881
1369,1394,28/09/2016,1474,231,8,-68,889
1370,1396,29/09/2016,1475,231,8,-72,890
1371,1395,30/09/2016,1476,232,8,-69,888
1372,1397,01/10/2016,1477,233,8,-72,888
1373,1399,02/10/2016,1478,233,8,-68,887
1374,1398,03/10/2016,1479,234,8,-66,890
1375,1400,04/10/2016,1480,235,8,-68,893
1376,1401,05/10/2016,1481,235,8,-70,893
1377,1403,06/10/2016,1482,236,8,-68,893
1378,1402,07/10/2016,1483,237,8,-68,892
1379,1404,08/10/2016,1484,237,8,-68,895
1380,1405,09/10/2016,1485,238,8,-71,899
1381,1406,10/10/2016,1486,239,8,-71,901
1382,1407,11/10/2016,1487,239,8,-68,901
1383,1408,12/10/2016,1488,240,9,-69,902
1384,1410,14/10/2016,1489,240,9,-68,903
1385,1411,15/10/2016,1490,241,9,-66,904
1386,1409,16/10/2016,1491,242,9,-69,906
1387,1412,17/10/2016,1492,242,9,-68,910
1388,1413,18/10/2016,1493,243,9,-70,905
1389,1414,19/10/2016,1494,244,9,-70,904
1390,1416,20/10/2016,1495,244,9,-71,903
1391,1415,21/10/2016,1496,245,9,-72,906
1392,1417,22/10/2016,1497,246,9,-68,909
1393,1418,23/10/2016,1498,246,9,-68,907
1394,1419,24/10/2016,1499,247,9,-69,903
1395,1420,25/10/2016,1500,248,9,-70,903
1396,1421,26/10/2016,1501,248,9,-69,903
1397,1422,27/10/2016,1502,249,9,-69,907
1398,1424,28/10/2016,1503,250,9,-70,909
1399,1423,29/10/2016,1504,250,9,-69,910
1400,1425,30/10/2016,1505,251,9,-69,906
1401,1426,31/10/2016,1506,252,9,-71,907
1402,1427,01/11/2016,1507,252,9,-70,907
1403,1428,02/11/2016,1508,253,9,-70,907
1404,1430,03/11/2016,1509,254,9,-70,910
1405,1431,04/11/2016,1510,254,9,-70,908
1406,1429,05/11/2016,1511,255,9,-77,908
1407,1432,06/11/2016,1512,255,9,-78,906
1408,1433,07/11/2016,1513,256,9,-74,907
1409,1434,08/11/2016,1514,257,9,-73,906
1410,1435,09/11/2016,1515,257,9,-76,906
1411,1436,10/11/2016,1516,258,9,-71,909
1412,1437,11/11/2016,1517,259,9,-76,911
1413,1438,12/11/2016,1518,259,9,-78,909
1414,1440,13/11/2016,1519,260,9,-72,906
1415,1439,14/11/2016,1520,261,9,-73,905
1416,1441,15/11/2016,1521,261,9,-71,905
1417,1442,16/11/2016,1522,262,9,-71,905
1418,1443,17/11/2016,1523,263,9,-77,905
1419,1444,18/11/2016,1524,263,9,-76,904
1420,1445,20/11/2016,1525,264,9,-74,902
1421,1446,21/11/2016,1526,265,9,-72,900
1422,1449,22/11/2016,1527,265,9,-71,900
1423,1450,23/11/2016,1528,266,9,-72,898
1424,1451,24/11/2016,1529,267,9,-73,900
1425,1452,25/11/2016,1530,267,9,-71,899
1426,1447,26/11/2016,1531,268,9,-76,900
1427,1448,27/11/2016,1532,268,9,-72,900
1428,1453,28/11/2016,1533,269,9,-72,896
1429,1454,29/11/2016,1534,270,10,-73,898
1430,1455,30/11/2016,1535,270,10,-73,900
1431,1456,01/12/2016,1536,271,10,-71,901
1432,1458,02/12/2016,1537,272,10,-74,900
1433,1457,03/12/2016,1538,272,10,-73,898
1434,1459,04/12/2016,1539,273,10,-74,896
1435,1460,05/12/2016,1540,274,10,-72,896
1436,1461,06/12/2016,1541,274,10,-76,895
1437,1462,07/12/2016,1542,275,10,-73,895
1438,1464,08/12/2016,1543,276,10,-74,896
1439,1463,09/12/2016,1544,276,10,-71,894
1440,1465,10/12/2016,1545,277,10,-73,891
1441,1467,11/12/2016,1546,277,10,-73,889
1442,1466,12/12/2016,1547,278,10,-75,887
1443,1468,13/12/2016,1548,279,10,-76,887
1444,1469,14/12/2016,1549,279,10,-76,887
1445,1472,15/12/2016,1550,280,10,-71,888
1446,1471,16/12/2016,1551,281,10,-71,886
1447,1470,17/12/2016,1552,281,10,-74,886
1448,1474,18/12/2016,1553,282,10,-77,884
1449,1473,19/12/2016,1554,283,10,-70,882
1450,1477,20/12/2016,1555,283,10,-71,883
1451,1478,21/12/2016,1556,284,10,-72,883
1452,1475,22/12/2016,1557,284,10,-70,883
1453,1476,23/12/2016,1558,285,10,-72,880
1454,1484,24/12/2016,1559,286,10,-76,879
1455,1482,25/12/2016,1560,286,10,-76,877
1456,1485,27/12/2016,1561,287,10,-77,877
1457,1479,28/12/2016,1562,288,10,-73,877
1458,1483,29/12/2016,1563,288,10,-75,879
1459,1481,30/12/2016,1564,289,10,-70,877
1460,1480,31/12/2016,1565,290,10,-72,874
1461,1487,01/01/2017,1566,290,10,-76,876
1462,1486,02/01/2017,1567,291,10,-70,872
1463,1488,03/01/2017,1568,291,10,-71,876
1464,1492,04/01/2017,1569,292,10,-70,873
1465,1491,05/01/2017,1570,293,10,-71,873
1466,1490,06/01/2017,1571,293,10,-70,873
1467,1489,07/01/2017,1572,294,10,-81,869
1468,1493,08/01/2017,1573,295,10,-74,872
1469,1495,09/01/2017,1574,295,10,-72,868
1470,1494,10/01/2017,1575,296,10,-73,871
1471,1496,11/01/2017,1576,296,10,-72,869
1472,1498,12/01/2017,1577,297,10,-72,866
1473,1499,13/01/2017,1578,298,10,-74,868
1474,1500,14/01/2017,1579,298,10,-73,862
1475,1497,15/01/2017,1580,299,10,-72,867
1476,1501,16/01/2017,1581,299,10,-72,862
1477,1503,17/01/2017,1582,300,11,-74,862
1478,1502,18/01/2017,1583,301,11,-75,862
1479,1505,19/01/2017,1584,301,11,-77,860
1480,1506,20/01/2017,1585,302,11,-76,864
1481,1504,21/01/2017,1586,303,11,-72,858
1482,1508,22/01/2017,1587,303,11,-73,860
1483,1507,23/01/2017,1588,304,11,-72,858
1484,1510,24/01/2017,1589,304,11,-72,857
1485,1509,25/01/2017,1590,305,11,-76,860
1486,1512,26/01/2017,1591,306,11,-73,852
1487,1511,27/01/2017,1592,306,11,-71,857
1488,1513,28/01/2017,1593,307,11,-72,852
1489,1514,29/01/2017,1594,307,11,-74,855
1490,1515,30/01/2017,1595,308,11,-71,855
1491,1516,31/01/2017,1596,309,11,-74,850
1492,1517,01/02/2017,1597,309,11,-73,855
1493,1519,03/02/2017,1598,310,11,-70,849
1494,1518,04/02/2017,1599,310,11,-72,853
1495,1520,05/02/2017,1600,311,11,-71,850
1496,1522,06/02/2017,1601,312,11,-71,853
1497,1521,07/02/2017,1602,312,11,-77,852
1498,1523,08/02/2017,1603,313,11,-76,847
1499,1524,09/02/2017,1604,313,11,-77,850
1500,1526,10/02/2017,1605,314,11,-73,846
1501,1525,11/02/2017,1606,315,11,-75,850
1502,1528,12/02/2017,1607,315,11,-77,846
1503,1527,13/02/2017,1608,316,11,-72,847
1504,1529,14/02/2017,1609,316,11,-71,847
1505,1534,18/02/2017,1613,319,11,-72,846
1506,1533,19/02/2017,1614,319,11,-73,837
1507,1536,20/02/2017,1615,320,11,-73,842
1508,1535,21/02/2017,1616,320,11,-73,848
1509,1537,22/02/2017,1617,321,11,-72,840
1510,1540,23/02/2017,1618,322,11,-71,845
1511,1538,24/02/2017,1619,322,11,-73,841
1512,1539,25/02/2017,1620,323,11,-70,844
1513,1541,26/02/2017,1621,323,11,-73,842
1514,1542,27/02/2017,1622,324,11,-71,841
1515,1544,28/02/2017,1623,324,11,-71,840
1516,1543,01/03/2017,1624,325,11,-72,837
1517,1546,02/03/2017,1625,326,11,-71,839
1518,1545,03/03/2017,1626,326,11,-71,839
1519,1547,04/03/2017,1627,327,11,-72,838
1520,1549,05/03/2017,1628,327,11,-71,839
1521,1548,06/03/2017,1629,328,11,-74,837
1522,1551,07/03/2017,1630,328,11,-77,838
1523,1550,08/03/2017,1631,329,11,-77,837
1524,1552,09/03/2017,1632,330,12,-72,836
1525,1554,10/03/2017,1633,330,12,-75,834
1526,1553,12/03/2017,1634,331,12,-72,834
1527,1555,13/03/2017,1635,331,12,-73,833
1528,1556,14/03/2017,1636,332,12,-72,834
1529,1557,15/03/2017,1637,332,12,-73,833
1530,1559,16/03/2017,1638,333,12,-73,833
1531,1558,17/03/2017,1639,334,12,-71,832
1532,1561,18/03/2017,1640,334,12,-72,832
1533,1560,19/03/2017,1641,335,12,-72,831
1534,1564,20/03/2017,1642,335,12,-72,829
1535,1563,21/03/2017,1643,336,12,-74,832
1536,1562,22/03/2017,1644,336,12,-74,832
1537,1567,23/03/2017,1645,337,12,-74,832
1538,1565,24/03/2017,1646,337,12,-74,831
1539,1566,25/03/2017,1647,338,12,-73,831
1540,1568,26/03/2017,1648,339,12,-73,830
1541,1569,27/03/2017,1649,339,12,-74,830
1542,1570,28/03/2017,1650,340,12,-75,833
1543,1571,29/03/2017,1651,340,12,-77,833
1544,1572,30/03/2017,1652,341,12,-76,834
1545,1573,31/03/2017,1653,341,12,-75,833
1546,1575,01/04/2017,1654,342,12,-75,829
1547,1574,02/04/2017,1655,342,12,-76,831
1548,1576,03/04/2017,1656,343,12,-75,832
1549,1578,04/04/2017,1657,343,12,-75,836
1550,1577,05/04/2017,1658,344,12,-77,835
1551,1579,06/04/2017,1659,345,12,-77,832
1552,1581,07/04/2017,1660,345,12,-74,832
1553,1580,08/04/2017,1661,346,12,-75,831
1554,1583,09/04/2017,1662,346,12,-75,831
1555,1584,10/04/2017,1663,347,12,-74,832
1556,1586,11/04/2017,1664,347,12,-74,832
1557,1585,12/04/2017,1665,348,12,-76,833
1558,1582,13/04/2017,1666,348,12,-76,834
1559,1588,14/04/2017,1667,349,12,-76,833
1560,1587,15/04/2017,1668,349,12,-77,831
1561,1589,16/04/2017,1669,350,12,-74,833
1562,1590,18/04/2017,1670,350,12,-76,834
1563,1591,19/04/2017,1671,351,12,-76,832
1564,1592,20/04/2017,1672,351,12,-74,833
1565,1594,21/04/2017,1673,352,12,-75,836
1566,1593,22/04/2017,1674,352,12,-75,835
1567,1595,23/04/2017,1675,353,12,-75,835
1568,1596,24/04/2017,1676,354,12,-76,837
1569,1597,25/04/2017,1677,354,12,-74,835
1570,1598,26/04/2017,1678,355,12,-74,836
1571,1599,27/04/2017,1679,355,12,-75,836
1572,1601,28/04/2017,1680,356,12,-74,835
1573,1602,29/04/2017,1681,356,12,-74,837
1574,1603,30/04/2017,1682,357,12,-76,839
1575,1600,01/05/2017,1683,357,12,-75,837
1576,1604,02/05/2017,1684,358,12,-75,837
1577,1605,03/05/2017,1685,358,12,-77,838
1578,1607,04/05/2017,1686,359,12,-75,838
1579,1608,05/05/2017,1687,359,12,-75,838
1580,1606,06/05/2017,1688,0,1,-76,840
1581,1610,07/05/2017,1689,0,1,-75,840
1582,1609,08/05/2017,1690,1,1,-76,840
1583,1614,10/05/2017,1692,2,1,-62,820
1584,1612,11/05/2017,1693,2,1,-76,840
1585,1613,12/05/2017,1694,3,1,-76,840
1586,1611,13/05/2017,1695,3,1,-77,840
1587,1615,14/05/2017,1696,4,1,-75,841
1588,1616,15/05/2017,1697,4,1,-77,841
1589,1618,16/05/2017,1698,5,1,-77,842
1590,1617,17/05/2017,1699,5,1,-76,843
1591,1619,18/05/2017,1700,6,1,-76,842
1592,1620,19/05/2017,1701,6,1,-76,841
1593,1621,20/05/2017,1702,7,1,-75,842
1594,1622,21/05/2017,1703,7,1,-76,843
1595,1625,22/05/2017,1704,8,1,-77,844
1596,1623,23/05/2017,1705,8,1,-76,845
1597,1624,24/05/2017,1706,9,1,-77,845
1598,1627,26/05/2017,1707,9,1,-77,846
1599,1626,27/05/2017,1708,10,1,-76,846
1600,1628,28/05/2017,1709,10,1,-76,847
1601,1629,29/05/2017,1710,11,1,-76,848
1602,1631,30/05/2017,1711,11,1,-75,848
1603,1630,31/05/2017,1712,12,1,-77,849
1604,1635,01/06/2017,1713,12,1,-75,850
1605,1633,02/06/2017,1714,13,1,-77,849
1606,1634,03/06/2017,1715,13,1,-77,851
1607,1632,04/06/2017,1716,14,1,-76,850
1608,1636,05/06/2017,1717,14,1,-76,851
1609,1637,06/06/2017,1718,15,1,-77,852
1610,1639,07/06/2017,1719,15,1,-77,853
1611,1638,08/06/2017,1720,16,1,-76,853
1612,1641,09/06/2017,1721,16,1,-76,852
1613,1640,10/06/2017,1722,17,1,-77,854
1614,1642,11/06/2017,1723,17,1,-76,854
1615,1643,12/06/2017,1724,18,1,-77,856
1616,1644,13/06/2017,1725,18,1,-79,857
1617,1645,14/06/2017,1726,19,1,-76,855
1618,1647,15/06/2017,1727,19,1,-75,855
1619,1648,16/06/2017,1728,20,1,-76,855
1620,1646,17/06/2017,1729,20,1,-76,858
1621,1650,18/06/2017,1730,21,1,-77,858
1622,1649,19/06/2017,1731,21,1,-78,857
1623,1651,20/06/2017,1732,22,1,-78,858
1624,1652,21/06/2017,1733,22,1,-77,859
1625,1655,22/06/2017,1734,23,1,-78,859
1626,1653,23/06/2017,1735,23,1,-78,861
1627,1654,24/06/2017,1736,23,1,-77,860
1628,1656,25/06/2017,1737,24,1,-78,861
1629,1657,26/06/2017,1738,24,1,-78,861
1630,1658,27/06/2017,1739,25,1,-77,861
1631,1662,28/06/2017,1740,25,1,-78,861
1632,1659,29/06/2017,1741,26,1,-78,863
1633,1661,30/06/2017,1742,26,1,-77,865
1634,1660,02/07/2017,1743,27,1,-78,863
1635,1663,03/07/2017,1744,27,1,-78,863
1636,1664,04/07/2017,1745,28,1,-78,865
1637,1665,05/07/2017,1746,28,1,-76,866
1638,1666,06/07/2017,1747,29,1,-79,866
1639,1668,07/07/2017,1748,29,1,-79,867
1640,1667,08/07/2017,1749,30,2,-76,867
1641,1669,09/07/2017,1750,30,2,-77,867
1642,1670,10/07/2017,1751,31,2,-78,867
1643,1671,11/07/2017,1752,31,2,-80,867
1644,1672,12/07/2017,1753,32,2,-76,868
1645,1673,13/07/2017,1754,32,2,-78,870
1646,1674,14/07/2017,1755,32,2,-77,870
1647,1675,15/07/2017,1756,33,2,-78,871
1648,1676,16/07/2017,1757,33,2,-78,871
1649,1677,17/07/2017,1758,34,2,-78,871
1650,1678,18/07/2017,1759,34,2,-77,871
1651,1679,19/07/2017,1760,35,2,-78,872
1652,1684,20/07/2017,1761,35,2,-77,872
1653,1687,21/07/2017,1762,36,2,-77,872
1654,1680,22/07/2017,1763,36,2,-78,873
1655,1682,23/07/2017,1764,37,2,-79,872
1656,1690,24/07/2017,1765,37,2,-77,873
1657,1688,25/07/2017,1766,38,2,-79,873
1658,1691,26/07/2017,1767,38,2,-77,874
1659,1683,27/07/2017,1768,39,2,-78,875
1660,1689,28/07/2017,1769,39,2,-76,875
1661,1686,29/07/2017,1770,39,2,-79,875
1662,1692,30/07/2017,1771,40,2,-79,876
1663,1681,31/07/2017,1772,40,2,-78,876
1664,1685,01/08/2017,1773,41,2,-78,876
1665,1693,02/08/2017,1774,41,2,-79,877
1666,1694,03/08/2017,1775,42,2,-80,877
1667,1696,04/08/2017,1776,42,2,-79,877
1668,1695,05/08/2017,1777,43,2,-79,877
1669,1697,06/08/2017,1778,43,2,-81,877
1670,1698,07/08/2017,1779,44,2,-78,878
1671,1699,09/08/2017,1780,44,2,-77,879
1672,1700,10/08/2017,1781,45,2,-78,879
1673,1701,11/08/2017,1782,45,2,-78,878
1674,1703,12/08/2017,1783,45,2,-79,879
1675,1702,13/08/2017,1784,46,2,-80,883
1676,1704,14/08/2017,1785,46,2,-77,881
1677,1705,16/08/2017,1787,47,2,-79,881
1678,1706,17/08/2017,1788,48,2,-79,881
1679,1708,18/08/2017,1789,48,2,-79,881
1680,1707,19/08/2017,1790,49,2,-81,882
1681,1709,20/08/2017,1791,49,2,-79,882
1682,1710,21/08/2017,1792,50,2,-80,883
1683,1711,22/08/2017,1793,50,2,-80,883
1684,1712,23/08/2017,1794,50,2,-80,883
1685,1714,24/08/2017,1795,51,2,-81,882
1686,1715,25/08/2017,1796,51,2,-80,883
1687,1713,26/08/2017,1797,52,2,-79,884
1688,1716,27/08/2017,1798,52,2,-79,883
1689,1717,28/08/2017,1799,53,2,-78,883
1690,1718,29/08/2017,1800,53,2,-80,883
1691,1719,30/08/2017,1801,54,2,-80,882
1692,1722,31/08/2017,1802,54,2,-79,882
1693,1723,01/09/2017,1803,55,2,-78,882
1694,1720,02/09/2017,1804,55,2,-78,883
1695,1721,03/09/2017,1805,55,2,-78,883
1696,1724,04/09/2017,1806,56,2,-80,884
1697,1725,05/09/2017,1807,56,2,-78,884
1698,1726,06/09/2017,1808,57,2,-79,884
1699,1728,07/09/2017,1809,57,2,-80,884
1700,1729,08/09/2017,1810,58,2,-78,883
1701,1727,09/09/2017,1811,58,2,-79,882
1702,1730,10/09/2017,1812,59,2,-79,882
1703,1731,11/09/2017,1813,59,2,-80,881
1704,1732,12/09/2017,1814,59,2,-80,881
1705,1733,13/09/2017,1815,60,3,-81,881
1706,1734,15/09/2017,1816,60,3,-82,882
1707,1735,16/09/2017,1817,61,3,-80,882
1708,1736,17/09/2017,1818,61,3,-81,881
1709,1737,18/09/2017,1819,62,3,-82,880
1710,1738,19/09/2017,1820,62,3,-79,881
1711,1740,20/09/2017,1821,63,3,-81,882
1712,1739,21/09/2017,1822,63,3,-78,881
1713,1743,22/09/2017,1823,64,3,-80,879
1714,1742,23/09/2017,1824,64,3,-80,879
1715,1741,24/09/2017,1825,64,3,-80,878
1716,1744,25/09/2017,1826,65,3,-80,878
1717,1745,26/09/2017,1827,65,3,-80,879
1718,1746,27/09/2017,1828,66,3,-80,878
1719,1749,28/09/2017,1829,66,3,-78,877
1720,1748,29/09/2017,1830,67,3,-80,877
1721,1747,30/09/2017,1831,67,3,-80,876
1722,1750,01/10/2017,1832,68,3,-84,875
1723,1751,02/10/2017,1833,68,3,-81,875
1724,1752,03/10/2017,1834,68,3,-80,875
1725,1753,04/10/2017,1835,69,3,-80,873
1726,1755,05/10/2017,1836,69,3,-81,873
1727,1756,06/10/2017,1837,70,3,-81,872
1728,1754,07/10/2017,1838,70,3,-79,872
1729,1757,08/10/2017,1839,71,3,-80,872
1730,1758,09/10/2017,1840,71,3,-77,871
1731,1759,10/10/2017,1841,72,3,-77,870
1732,1761,11/10/2017,1842,72,3,-79,869
1733,1760,12/10/2017,1843,72,3,-80,869
1734,1762,13/10/2017,1844,73,3,-81,869
1735,1763,14/10/2017,1845,73,3,-80,868
1736,1765,15/10/2017,1846,74,3,-80,868
1737,1764,16/10/2017,1847,74,3,-80,866
1738,1766,17/10/2017,1848,75,3,-80,865
1739,1770,18/10/2017,1849,75,3,-80,864
1740,1768,19/10/2017,1850,76,3,-80,864
1741,1767,20/10/2017,1851,76,3,-87,864
1742,1769,22/10/2017,1852,77,3,-80,863
1743,1771,23/10/2017,1853,77,3,-80,862
1744,1772,24/10/2017,1854,77,3,-80,861
1745,1773,25/10/2017,1855,78,3,-78,861
1746,1774,26/10/2017,1856,78,3,-80,859
1747,1776,27/10/2017,1857,79,3,-80,858
1748,1775,28/10/2017,1858,79,3,-81,857
1749,1779,29/10/2017,1859,80,3,-79,857
1750,1778,30/10/2017,1860,80,3,-80,857
1751,1780,31/10/2017,1861,81,3,-79,855
1752,1777,01/11/2017,1862,81,3,-81,854
1753,1781,02/11/2017,1863,81,3,-80,853
1754,1782,03/11/2017,1864,82,3,-82,852
1755,1783,04/11/2017,1865,82,3,-80,852
1756,1785,05/11/2017,1866,83,3,-80,850
1757,1784,06/11/2017,1867,83,3,-78,848
1758,1786,07/11/2017,1868,84,3,-80,848
1759,1787,08/11/2017,1869,84,3,-81,846
1760,1788,09/11/2017,1870,85,3,-81,845
1761,1789,10/11/2017,1871,85,3,-80,844
1762,1791,11/11/2017,1872,86,3,-79,843
1763,1790,12/11/2017,1873,86,3,-79,842
1764,1792,13/11/2017,1874,86,3,-80,840
1765,1793,14/11/2017,1875,87,3,-79,839
1766,1794,15/11/2017,1876,87,3,-79,838
1767,1797,16/11/2017,1877,88,3,-79,837
1768,1795,17/11/2017,1878,88,3,-79,835
1769,1796,18/11/2017,1879,89,3,-79,834
1770,1798,19/11/2017,1880,89,3,-79,833
1771,1803,20/11/2017,1881,90,4,-79,832
1772,1801,21/11/2017,1882,90,4,-78,831
1773,1800,22/11/2017,1883,91,4,-78,830
1774,1799,23/11/2017,1884,91,4,-79,829
1775,1804,24/11/2017,1885,91,4,-79,827
1776,1805,25/11/2017,1886,92,4,-79,826
1777,1802,26/11/2017,1887,92,4,-79,824
1778,1807,27/11/2017,1888,93,4,-79,823
1779,1806,29/11/2017,1889,93,4,-80,822
1780,1808,30/11/2017,1890,94,4,-79,821
1781,1810,01/12/2017,1891,94,4,-80,819
1782,1809,02/12/2017,1892,95,4,-81,817
1783,1812,03/12/2017,1893,95,4,-79,816
1784,1811,04/12/2017,1894,96,4,-79,815
1785,1814,05/12/2017,1895,96,4,-78,814
1786,1813,06/12/2017,1896,96,4,-79,812
1787,1817,07/12/2017,1897,97,4,-80,811
1788,1816,08/12/2017,1898,97,4,-81,810
1789,1815,09/12/2017,1899,98,4,-81,808
1790,1818,10/12/2017,1900,98,4,-81,807
1791,1819,11/12/2017,1901,99,4,-81,806
1792,1820,12/12/2017,1902,99,4,-79,804
1793,1821,13/12/2017,1903,100,4,-78,803
1794,1822,14/12/2017,1904,100,4,-79,801
1795,1823,15/12/2017,1905,101,4,-80,800
1796,1824,16/12/2017,1906,101,4,-79,799
1797,1825,17/12/2017,1907,101,4,-79,798
1798,1826,18/12/2017,1908,102,4,-79,796
1799,1827,19/12/2017,1909,102,4,-80,795
1800,1828,20/12/2017,1910,103,4,-80,794
1801,1833,21/12/2017,1911,103,4,-79,792
1802,1832,22/12/2017,1912,104,4,-80,791
1803,1830,23/12/2017,1913,104,4,-79,791
1804,1834,24/12/2017,1914,105,4,-78,790
1805,1835,25/12/2017,1915,105,4,-78,788
1806,1829,26/12/2017,1916,106,4,-79,787
1807,1831,27/12/2017,1917,106,4,-80,786
1808,1839,28/12/2017,1918,107,4,-77,784
1809,1836,29/12/2017,1919,107,4,-77,783
1810,1837,30/12/2017,1920,108,4,-77,782
1811,1838,31/12/2017,1921,108,4,-78,781
1812,1840,01/01/2018,1922,108,4,-79,780
1813,1842,02/01/2018,1923,109,4,-77,778
1814,1841,03/01/2018,1924,109,4,-78,777
1815,1844,05/01/2018,1925,110,4,-79,777
1816,1843,06/01/2018,1926,110,4,-80,775
1817,1845,07/01/2018,1927,111,4,-79,774
1818,1847,08/01/2018,1928,111,4,-78,773
1819,1846,09/01/2018,1929,112,4,-79,771
1820,1848,10/01/2018,1930,112,4,-79,770
1821,1849,11/01/2018,1931,113,4,-79,770
1822,1850,12/01/2018,1932,113,4,-79,768
1823,1852,13/01/2018,1933,114,4,-78,767
1824,1851,14/01/2018,1934,114,4,-79,766
1825,1853,15/01/2018,1935,115,4,-80,765
1826,1855,16/01/2018,1936,115,4,-79,764
1827,1854,17/01/2018,1937,116,4,-80,763
1828,1859,18/01/2018,1938,116,4,-78,762
1829,1857,19/01/2018,1939,116,4,-78,760
1830,1858,20/01/2018,1940,117,4,-77,759
1831,1856,21/01/2018,1941,117,4,-77,758
1832,1860,22/01/2018,1942,118,4,-78,757
1833,1863,23/01/2018,1943,118,4,-78,756
1834,1861,24/01/2018,1944,119,4,-80,755
1835,1862,25/01/2018,1945,119,4,-78,754
1836,1864,26/01/2018,1946,120,5,-79,753
1837,1865,27/01/2018,1947,120,5,-78,751
1838,1866,28/01/2018,1948,121,5,-78,752
1839,1867,29/01/2018,1949,121,5,-78,751
1840,1868,30/01/2018,1950,122,5,-79,750
1841,1869,31/01/2018,1951,122,5,-77,749
1842,1871,01/02/2018,1952,123,5,-80,748
1843,1870,02/02/2018,1953,123,5,-78,747
1844,1872,03/02/2018,1954,124,5,-77,745
1845,1873,04/02/2018,1955,124,5,-77,745
1846,1879,05/02/2018,1956,125,5,-79,744
1847,1875,06/02/2018,1957,125,5,-77,742
1848,1874,07/02/2018,1958,126,5,-77,741
1849,1878,08/02/2018,1959,126,5,-78,740
1850,1876,09/02/2018,1960,127,5,-78,740
1851,1877,11/02/2018,1961,127,5,-77,740
1852,1880,12/02/2018,1962,128,5,-78,738
1853,1881,13/02/2018,1963,128,5,-77,737
1854,1882,14/02/2018,1964,129,5,-76,736
1855,1883,15/02/2018,1965,129,5,-76,735
1856,1884,16/02/2018,1966,130,5,-77,735
1857,1885,17/02/2018,1967,130,5,-76,734
1858,1886,18/02/2018,1968,131,5,-76,732
1859,1887,19/02/2018,1969,131,5,-76,732
1860,1888,20/02/2018,1970,132,5,-77,731
1861,1890,21/02/2018,1971,132,5,-78,731
1862,1891,22/02/2018,1972,133,5,-78,730
1863,1889,23/02/2018,1973,133,5,-78,730
1864,1892,24/02/2018,1974,134,5,-77,729
1865,1894,25/02/2018,1975,134,5,-76,729
1866,1893,26/02/2018,1976,135,5,-77,728
1867,1895,27/02/2018,1977,135,5,-77,727
